author_id,timestamp,datetime,comment_score,comment,comment_length,product_id,rank_id,rank_name,comment_like,image_num
1733066,1458140730,2016-03-16 23:05:30,5,很好很好很好,6,56947,5,钻石会员,0,0
16263037,1458121907,2016-03-16 17:51:47,5,味道不错，值得推荐哦，呵呵,13,56947,5,钻石会员,0,0
15646833,1458046730,2016-03-15 20:58:50,5,鲜,1,56947,5,钻石会员,0,0
15646833,1458046218,2016-03-15 20:50:18,5,很新鲜,3,56947,5,钻石会员,0,0
24206651,1457681264,2016-03-11 15:27:44,5,很鲜,2,56947,2,普通会员,0,0
23942803,1456629388,2016-02-28 11:16:28,5,好吃,2,56947,2,普通会员,0,0
13025907,1456051998,2016-02-21 18:53:18,5,"佳尚新蔬 速冻玉米粒 500g, 不错",19,56947,2,普通会员,0,0
8513023,1456051963,2016-02-21 18:52:43,5,"佳尚新蔬 速冻玉米粒 500g, 凑合吧",20,56947,3,银卡会员,0,0
14763889,1456051896,2016-02-21 18:51:36,5,"佳尚新蔬 速冻玉米粒 500g, 凑合吧",20,56947,2,普通会员,0,0
3556532,1456051332,2016-02-21 18:42:12,5,"佳尚新蔬 速冻玉米粒 500g, 优惠点更好了",23,56947,2,普通会员,0,0
8527099,1456051141,2016-02-21 18:39:01,5,"佳尚新蔬 速冻玉米粒 500g, 挺好的",20,56947,2,普通会员,0,0
8512865,1456051098,2016-02-21 18:38:18,5,"佳尚新蔬 速冻玉米粒 500g, 好多次买了",22,56947,2,普通会员,0,0
8248711,1456050870,2016-02-21 18:34:30,5,"佳尚新蔬 速冻玉米粒 500g, 老客户,不多说啥",25,56947,2,普通会员,0,0
8513087,1456050869,2016-02-21 18:34:29,5,"佳尚新蔬 速冻玉米粒 500g, 还可以吧",21,56947,2,普通会员,0,0
8463729,1456050859,2016-02-21 18:34:19,5,"佳尚新蔬 速冻玉米粒 500g, 不错",19,56947,2,普通会员,0,0
8442193,1456050796,2016-02-21 18:33:16,5,"佳尚新蔬 速冻玉米粒 500g, 凑合吧",20,56947,2,普通会员,0,0
8248395,1456050713,2016-02-21 18:31:53,5,"佳尚新蔬 速冻玉米粒 500g, 还可以",20,56947,3,银卡会员,0,0
8505825,1456050690,2016-02-21 18:31:30,5,"佳尚新蔬 速冻玉米粒 500g, 不错",19,56947,3,银卡会员,0,0
8248805,1456050689,2016-02-21 18:31:29,5,"佳尚新蔬 速冻玉米粒 500g, 优惠点更好了",23,56947,3,银卡会员,0,0
8466351,1456050584,2016-02-21 18:29:44,5,"佳尚新蔬 速冻玉米粒 500g, 还行",19,56947,3,银卡会员,0,0
8505679,1456050351,2016-02-21 18:25:51,5,"佳尚新蔬 速冻玉米粒 500g, 优惠点更好了",23,56947,3,银卡会员,0,0
14846683,1456049974,2016-02-21 18:19:34,5,"佳尚新蔬 速冻玉米粒 500g, 好多次买了",22,56947,2,普通会员,0,0
14812647,1456049966,2016-02-21 18:19:26,5,"佳尚新蔬 速冻玉米粒 500g, 挺好的",20,56947,2,普通会员,0,0
14812489,1456049863,2016-02-21 18:17:43,5,"佳尚新蔬 速冻玉米粒 500g, 还可以",20,56947,2,普通会员,0,0
14812547,1456049665,2016-02-21 18:14:25,5,"佳尚新蔬 速冻玉米粒 500g, 好多次买了",22,56947,2,普通会员,0,0
14816387,1456049661,2016-02-21 18:14:21,5,"佳尚新蔬 速冻玉米粒 500g, 凑合吧",20,56947,2,普通会员,0,0
14839593,1456049512,2016-02-21 18:11:52,5,"佳尚新蔬 速冻玉米粒 500g, 还行",19,56947,2,普通会员,0,0
1006023,1456049392,2016-02-21 18:09:52,5,"佳尚新蔬 速冻玉米粒 500g, 优惠点更好了",23,56947,5,钻石会员,0,0
4270530,1456049233,2016-02-21 18:07:13,5,"佳尚新蔬 速冻玉米粒 500g, 还可以",20,56947,5,钻石会员,0,0
738345,1456049196,2016-02-21 18:06:36,5,"佳尚新蔬 速冻玉米粒 500g, 挺好的",20,56947,5,钻石会员,0,0
1001787,1456049117,2016-02-21 18:05:17,5,"佳尚新蔬 速冻玉米粒 500g, 老客户,不多说啥",25,56947,5,钻石会员,0,0
1001787,1456049095,2016-02-21 18:04:55,5,"佳尚新蔬 速冻玉米粒 500g, 好多次买了",22,56947,5,钻石会员,0,0
14812889,1456049045,2016-02-21 18:04:05,5,"佳尚新蔬 速冻玉米粒 500g, very good.",27,56947,2,普通会员,0,0
14839979,1456048949,2016-02-21 18:02:29,5,"佳尚新蔬 速冻玉米粒 500g, 好多次买了",22,56947,2,普通会员,0,0
14812397,1456048697,2016-02-21 17:58:17,5,"佳尚新蔬 速冻玉米粒 500g, 挺好的",20,56947,2,普通会员,0,0
1006357,1456048524,2016-02-21 17:55:24,5,"佳尚新蔬 速冻玉米粒 500g, 老客户,不多说啥",25,56947,5,钻石会员,0,0
1006357,1456048511,2016-02-21 17:55:11,5,"佳尚新蔬 速冻玉米粒 500g, very good.",27,56947,5,钻石会员,0,0
1005152,1456048467,2016-02-21 17:54:27,5,"佳尚新蔬 速冻玉米粒 500g, 好多次买了",22,56947,5,钻石会员,0,0
24209981,1455710318,2016-02-17 19:58:38,5,挺好,2,56947,2,普通会员,0,0
15160491,1453689062,2016-01-25 10:31:02,5,还没吃，看起来不错！,10,56947,3,银卡会员,0,0
14812959,1452353612,2016-01-09 23:33:32,5,"佳尚新蔬 速冻玉米粒 500g, 好多次买了",22,56947,2,普通会员,0,0
14838655,1452353582,2016-01-09 23:33:02,5,"佳尚新蔬 速冻玉米粒 500g, 挺好的",20,56947,2,普通会员,0,0
14839303,1452353570,2016-01-09 23:32:50,5,"佳尚新蔬 速冻玉米粒 500g, 还行",19,56947,2,普通会员,0,0
14812311,1452353415,2016-01-09 23:30:15,5,"佳尚新蔬 速冻玉米粒 500g, 挺好的",20,56947,2,普通会员,0,0
14843201,1452353199,2016-01-09 23:26:39,5,"佳尚新蔬 速冻玉米粒 500g, 还可以吧",21,56947,2,普通会员,0,0
14813537,1452353170,2016-01-09 23:26:10,5,"佳尚新蔬 速冻玉米粒 500g, 好多次买了",22,56947,2,普通会员,0,0
14861677,1452352947,2016-01-09 23:22:27,5,"佳尚新蔬 速冻玉米粒 500g, 凑合吧",20,56947,2,普通会员,0,0
14861243,1452352823,2016-01-09 23:20:23,5,"佳尚新蔬 速冻玉米粒 500g, 还行",19,56947,2,普通会员,0,0
14861063,1452352743,2016-01-09 23:19:03,5,"佳尚新蔬 速冻玉米粒 500g, very good.",27,56947,2,普通会员,0,0
14864123,1452352424,2016-01-09 23:13:44,5,"佳尚新蔬 速冻玉米粒 500g, 还可以吧",21,56947,2,普通会员,0,0
14826399,1452352340,2016-01-09 23:12:20,5,"佳尚新蔬 速冻玉米粒 500g, 还可以",20,56947,2,普通会员,0,0
14864485,1452352065,2016-01-09 23:07:45,5,"佳尚新蔬 速冻玉米粒 500g, 还可以吧",21,56947,2,普通会员,0,0
14873801,1452351942,2016-01-09 23:05:42,5,"佳尚新蔬 速冻玉米粒 500g, 还可以",20,56947,2,普通会员,0,0
14872709,1452351676,2016-01-09 23:01:16,5,"佳尚新蔬 速冻玉米粒 500g, 老客户,不多说啥",25,56947,2,普通会员,0,0
14872277,1452351493,2016-01-09 22:58:13,5,"佳尚新蔬 速冻玉米粒 500g, 还可以吧",21,56947,2,普通会员,0,0
18485845,1452349723,2016-01-09 22:28:43,5,"佳尚新蔬 速冻玉米粒 500g, 还可以",20,56947,5,钻石会员,0,0
1060080,1451982005,2016-01-05 16:20:05,5,还不错,3,56947,3,银卡会员,0,0
999996,1451806190,2016-01-03 15:29:50,5,1111111111111111,16,56947,5,钻石会员,0,1
260115,1451060740,2015-12-26 00:25:40,5,没有哈金东的好吃……也还算不错吧。,17,56947,3,银卡会员,0,0
999996,1450498854,2015-12-19 12:20:54,5,111111111111111,15,56947,5,钻石会员,0,1
999996,1450498850,2015-12-19 12:20:50,5,111111111111111,15,56947,5,钻石会员,0,0
23357663,1450437800,2015-12-18 19:23:20,5,很不错 新鲜,6,56947,3,银卡会员,0,0
23357753,1450247544,2015-12-16 14:32:24,5,到货快，没有化,7,56947,2,普通会员,0,1
14878445,1450243839,2015-12-16 13:30:39,5,"佳尚新蔬 速冻玉米粒 500g, 顺丰服务不错",23,56947,2,普通会员,0,0
14878097,1450243696,2015-12-16 13:28:16,5,"佳尚新蔬 速冻玉米粒 500g, 顺丰服务不错",23,56947,2,普通会员,0,0
14877567,1450243453,2015-12-16 13:24:13,5,"佳尚新蔬 速冻玉米粒 500g, 还行",19,56947,2,普通会员,0,0
14873865,1450243410,2015-12-16 13:23:30,5,"佳尚新蔬 速冻玉米粒 500g, 不错",19,56947,2,普通会员,0,0
4771527,1450243346,2015-12-16 13:22:26,5,"佳尚新蔬 速冻玉米粒 500g, 不错",19,56947,2,普通会员,0,0
14877209,1450243329,2015-12-16 13:22:09,5,"佳尚新蔬 速冻玉米粒 500g, 还可以吧",21,56947,2,普通会员,0,0
14837699,1450242656,2015-12-16 13:10:56,5,"佳尚新蔬 速冻玉米粒 500g, 不错",19,56947,2,普通会员,0,0
4564285,1450242516,2015-12-16 13:08:36,5,"佳尚新蔬 速冻玉米粒 500g, very good.",27,56947,2,普通会员,0,0
14829899,1450242484,2015-12-16 13:08:04,5,"佳尚新蔬 速冻玉米粒 500g, 老客户,不多说啥",25,56947,2,普通会员,0,0
4369654,1450241368,2015-12-16 12:49:28,5,"佳尚新蔬 速冻玉米粒 500g, very good.",27,56947,5,钻石会员,0,0
1005538,1450240210,2015-12-16 12:30:10,5,"佳尚新蔬 速冻玉米粒 500g, 还行",19,56947,5,钻石会员,0,0
8965333,1450017283,2015-12-13 22:34:43,5,尝尝,2,56947,5,钻石会员,0,0
14173660,1449987816,2015-12-13 14:23:36,5,很嫩，微甜，炒了很快能熟,12,56947,3,银卡会员,0,0
23292685,1449922605,2015-12-12 20:16:45,5,顺丰神速啊，第一次听朋友介绍的，没想到东东好，速度快，太强大了！,32,56947,2,普通会员,0,0
8523569,1448894244,2015-11-30 22:37:24,5,顺丰哥哥很给力，第二天早上就来电说家里有没人，我才知道原来不是和我以前网购那样用冰袋的，而是用冰盒的，当场拆冰盒的，还好楼下好心的士多店老板帮忙放冰柜哈。玉米粒足足有500g这么多啊！超级大包，可以分几次吃了！一下子都煮不完啊。。。用来做了个玉米粒辣椒炒虾仁，感觉玉米粒很容易熟，很甜很入味，不错哦哦哦！给10086个赞！,161,56947,2,普通会员,0,5
9953691,1448160858,2015-11-22 10:54:18,5,很好很给力，下次还会购买,12,56947,5,钻石会员,0,0
14850107,1448000974,2015-11-20 14:29:34,5,"佳尚新蔬 速冻玉米粒 500g, 顺丰服务不错",23,56947,2,普通会员,0,0
14825835,1448000574,2015-11-20 14:22:54,5,"佳尚新蔬 速冻玉米粒 500g, 凑合吧",20,56947,2,普通会员,0,0
1006357,1447999732,2015-11-20 14:08:52,5,"佳尚新蔬 速冻玉米粒 500g, 顺丰服务不错",23,56947,5,钻石会员,0,0
1006468,1447999654,2015-11-20 14:07:34,5,"佳尚新蔬 速冻玉米粒 500g, 好多次买了",22,56947,5,钻石会员,0,0
9068295,1446126298,2015-10-29 21:44:58,5,很好,2,56947,5,钻石会员,0,0
711798,1445954077,2015-10-27 21:54:37,5,还没吃，看样子还行，给好评,13,56947,3,银卡会员,0,0
15571569,1444915327,2015-10-15 21:22:07,5,方便,2,56947,2,普通会员,0,0
14861485,1444705341,2015-10-13 11:02:21,5,"佳尚新蔬 速冻玉米粒 500g, 挺好的",20,56947,2,普通会员,0,0
14848959,1444704878,2015-10-13 10:54:38,5,"佳尚新蔬 速冻玉米粒 500g, 挺好的",20,56947,2,普通会员,0,0
14847061,1444704768,2015-10-13 10:52:48,5,"佳尚新蔬 速冻玉米粒 500g, 不错",19,56947,2,普通会员,0,0
14847055,1444704763,2015-10-13 10:52:43,5,"佳尚新蔬 速冻玉米粒 500g, 顺丰服务不错",23,56947,2,普通会员,0,0
1004585,1444704240,2015-10-13 10:44:00,5,"佳尚新蔬 速冻玉米粒 500g, 还行",19,56947,5,钻石会员,0,0
1005152,1444704089,2015-10-13 10:41:29,5,"佳尚新蔬 速冻玉米粒 500g, 挺好的",20,56947,5,钻石会员,0,0
738243,1444703984,2015-10-13 10:39:44,5,"佳尚新蔬 速冻玉米粒 500g, 还可以",20,56947,5,钻石会员,0,0
738345,1444703845,2015-10-13 10:37:25,5,"佳尚新蔬 速冻玉米粒 500g, 优惠点更好了",23,56947,5,钻石会员,0,0
738345,1444703841,2015-10-13 10:37:21,5,"佳尚新蔬 速冻玉米粒 500g, 老客户,不多说啥",25,56947,5,钻石会员,0,0
4385157,1442905535,2015-09-22 15:05:35,5,玉米不错，下次还会购买。,12,56947,2,普通会员,0,0
3400552,1442810131,2015-09-21 12:35:31,5,还不错~~还不错~~,10,56947,2,普通会员,0,0
999996,1442700139,2015-09-20 06:02:19,5,11111111111111111111111111,26,56947,5,钻石会员,0,1
999996,1442699962,2015-09-20 05:59:22,5,11111111111111111111111111,26,56947,5,钻石会员,0,1
878417,1442638141,2015-09-19 12:49:01,5,不错不错，这下吃炒玉米方便了,14,56947,2,普通会员,0,0
2010860,1442417714,2015-09-16 23:35:14,4,还行，炒菜搭配不错。,10,56947,5,钻石会员,0,0
14844105,1442371326,2015-09-16 10:42:06,5,"佳尚新蔬 速冻玉米粒 500g, 还可以吧",21,56947,2,普通会员,0,0
14839773,1442371011,2015-09-16 10:36:51,5,"佳尚新蔬 速冻玉米粒 500g, 挺好的",20,56947,2,普通会员,0,0
14839711,1442370989,2015-09-16 10:36:29,5,"佳尚新蔬 速冻玉米粒 500g, 还可以吧",21,56947,2,普通会员,0,0
14820605,1442370637,2015-09-16 10:30:37,5,"佳尚新蔬 速冻玉米粒 500g, 凑合吧",20,56947,2,普通会员,0,0
14820037,1442370459,2015-09-16 10:27:39,5,"佳尚新蔬 速冻玉米粒 500g, 优惠点更好了",23,56947,2,普通会员,0,0
14819421,1442370237,2015-09-16 10:23:57,5,"佳尚新蔬 速冻玉米粒 500g, very good.",27,56947,2,普通会员,0,0
14816837,1442370196,2015-09-16 10:23:16,5,"佳尚新蔬 速冻玉米粒 500g, 优惠点更好了",23,56947,2,普通会员,0,0
738345,1442370029,2015-09-16 10:20:29,5,"佳尚新蔬 速冻玉米粒 500g, very good.",27,56947,5,钻石会员,0,0
4270530,1442369916,2015-09-16 10:18:36,5,"佳尚新蔬 速冻玉米粒 500g, 凑合吧",20,56947,5,钻石会员,0,0
4377747,1442369891,2015-09-16 10:18:11,5,"佳尚新蔬 速冻玉米粒 500g, 老客户,不多说啥",25,56947,5,钻石会员,0,0
1006357,1442369779,2015-09-16 10:16:19,5,"佳尚新蔬 速冻玉米粒 500g, 还行",19,56947,5,钻石会员,0,0
4374647,1442369651,2015-09-16 10:14:11,5,"佳尚新蔬 速冻玉米粒 500g, 还可以吧",21,56947,5,钻石会员,0,0
1093443,1442208843,2015-09-14 13:34:03,5,第一次购买，配采用。颗粒还算饱满,16,56947,3,银卡会员,0,0
1689642,1441636598,2015-09-07 22:36:38,5,还行，炒了一盘，好像有点不够甜,15,56947,2,普通会员,0,2
19673,1441460958,2015-09-05 21:49:18,5,这个很好，不像别的牌子很硬。,14,56947,3,银卡会员,0,0
12363411,1441459043,2015-09-05 21:17:23,5,非常不错！！！！！！！！,12,56947,5,钻石会员,0,0
14998157,1440338966,2015-08-23 22:09:26,4,吃起来还挺不错啊,8,56947,2,普通会员,0,0
1802506,1440312871,2015-08-23 14:54:31,5,多次购买，很不错。,9,56947,4,金卡会员,0,0
15093895,1440226266,2015-08-22 14:51:06,5,已经多次购买，吃完还会买，方便,15,56947,2,普通会员,0,0
999996,1440074437,2015-08-20 20:40:37,5,1111111111111111,16,56947,5,钻石会员,0,1
999996,1439933615,2015-08-19 05:33:35,5,11111111111111111,17,56947,5,钻石会员,0,1
189994,1439886022,2015-08-18 16:20:22,5,品相很好，做些简单的菜不错，还送速冻青菜，很棒,23,56947,2,普通会员,0,0
15468439,1439200277,2015-08-10 17:51:17,5,为了方便，和超市买的一样,12,56947,2,普通会员,0,0
14814149,1439125197,2015-08-09 20:59:57,5,"佳尚新蔬 速冻玉米粒 500g, 还行",19,56947,2,普通会员,0,0
14813721,1439125091,2015-08-09 20:58:11,5,"佳尚新蔬 速冻玉米粒 500g, 老客户,不多说啥",25,56947,2,普通会员,0,0
14813627,1439125065,2015-08-09 20:57:45,5,"佳尚新蔬 速冻玉米粒 500g, 还行",19,56947,2,普通会员,0,0
338552,1438915792,2015-08-07 10:49:52,5,"经常买,菜的质量很好。而且不用处理直接烹饪，很方便，顺丰的冷链配送很好",35,56947,3,银卡会员,0,0
2010860,1438444285,2015-08-01 23:51:25,5,大部分食品都不错，偶尔会出现一些质量问题，快递效率高，快递员素质好，冷藏食品和冷冻食品完全可以放在一起，没必要分开放，建议回收包装盒，有利环保。,72,56947,5,钻石会员,0,0
15093895,1438178540,2015-07-29 22:02:20,5,冻在冰箱里很方便，好吃,11,56947,2,普通会员,0,0
2872736,1438173391,2015-07-29 20:36:31,5,这几天在顺丰优选上买了些速冻蔬菜，感觉挺好，又不会很贵。晚上做沙拉什么的挺好，就拿西兰花为例，我昨天晚上在市场买俩也7块钱，分量比这里的500g差不多，因为还要去梗叶什么的，这个方便，不用切，倒下去就煮得，口感方面也是没差，最多稍微软身一些,120,56947,2,普通会员,0,0
1802506,1437492749,2015-07-21 23:32:29,5,很甜，炒饭披萨用，孩子很喜欢。,15,56947,4,金卡会员,0,0
509571,1437374882,2015-07-20 14:48:02,5,蛮多的一袋，送来还是冰冻的，准备炒了吃,19,56947,4,金卡会员,0,0
999996,1437281909,2015-07-19 12:58:29,5,111111111111111,15,56947,5,钻石会员,0,1
999996,1437189603,2015-07-18 11:20:03,5,11111111111111111111,20,56947,5,钻石会员,0,0
999996,1437189445,2015-07-18 11:17:25,5,1111111111111111,16,56947,5,钻石会员,0,0
4416563,1436860097,2015-07-14 15:48:17,5,"佳尚新蔬 速冻玉米粒 500g, 好多次买了",22,56947,2,普通会员,0,0
738345,1436858714,2015-07-14 15:25:14,5,"佳尚新蔬 速冻玉米粒 500g, 好多次买了",22,56947,5,钻石会员,0,0
661441,1436849890,2015-07-14 12:58:10,5,很甜的玉米粒,6,56947,4,金卡会员,0,0
1278625,1436691008,2015-07-12 16:50:08,5,佳尚新蔬 速冻玉米粒 500g,15,56947,4,金卡会员,0,0
338552,1435368472,2015-06-27 09:27:52,5,"买几次了,顺丰的冷链可以放心购买",16,56947,3,银卡会员,0,0
1001787,1435051695,2015-06-23 17:28:15,5,ACORSAACORSAACORSA,18,56947,5,钻石会员,0,0
738345,1435045321,2015-06-23 15:42:01,5,sghjfhgfdsfghjkl,16,56947,5,钻石会员,0,0
13367292,1434517402,2015-06-17 13:03:22,5,懒人必备，不想在外面应付正餐，回家炒个玉米青豆很方便，不需要什么技术,34,56947,2,普通会员,0,0
338552,1434077421,2015-06-12 10:50:21,5,"夏天买生鲜,只有顺丰的时效和专业包装才让人放心",23,56947,3,银卡会员,0,0
661441,1433386741,2015-06-04 10:59:01,5,孩子大爱,4,56947,4,金卡会员,0,0
1802506,1433258239,2015-06-02 23:17:19,5,很甜，炒饭，孩子爱吃。,11,56947,4,金卡会员,0,0
4992801,1433141366,2015-06-01 14:49:26,5,不错,2,56947,3,银卡会员,0,0
4568635,1433004730,2015-05-31 00:52:10,5,没有新鲜玉米粒甜，图个方便=￣ω￣=,18,56947,3,银卡会员,0,0
1473095,1432873098,2015-05-29 12:18:18,5,很好很好,4,56947,2,普通会员,0,0
661441,1432372507,2015-05-23 17:15:07,5,非常香甜可口,6,56947,4,金卡会员,0,0
165,1432263896,2015-05-22 11:04:56,5,很不错，下次还会买的，赞一个,14,56947,4,金卡会员,0,0
8784883,1432185864,2015-05-21 13:24:24,5,买一送一，比较划算。,10,56947,2,普通会员,0,0
165,1432089523,2015-05-20 10:38:43,5,烤着吃，味道真心不粗。老少皆宜,15,56947,4,金卡会员,0,0
3234890,1431839640,2015-05-17 13:14:00,5,加点松仁，做松仁玉米,10,56947,2,普通会员,0,0
13278280,1431754424,2015-05-16 13:33:44,5,不错，东西很新鲜，最适合做沙拉，还会再买。,21,56947,2,普通会员,0,0
1770962,1431531374,2015-05-13 23:36:14,5,好,1,56947,4,金卡会员,0,1
5337315,1430899205,2015-05-06 16:00:05,5,还不错,3,56947,2,普通会员,0,0
24113,1430222217,2015-04-28 19:56:57,5,颗粒大，甜,5,56947,5,钻石会员,0,0
8366035,1430040470,2015-04-26 17:27:50,5,甜的,2,56947,2,普通会员,0,0
8784883,1429765303,2015-04-23 13:01:43,5,和沃尔玛卖的是一样的，但是沃尔玛便宜一点点噢。,23,56947,2,普通会员,0,1
3168826,1429067740,2015-04-15 11:15:40,5,很好，还要来灵,7,56947,4,金卡会员,0,0
491338,1428727956,2015-04-11 12:52:36,5,哈哈，不错，就是买多了，看到玉米就郁闷,19,56947,3,银卡会员,0,0
4907183,1427596006,2015-03-29 10:26:46,5,东西不错,4,56947,3,银卡会员,0,0
5357595,1427254005,2015-03-25 11:26:45,5,很不错,3,56947,2,普通会员,0,0
5006747,1427252684,2015-03-25 11:04:44,5,方便食品，新鲜，好用！,11,56947,3,银卡会员,0,0
1911196,1427251661,2015-03-25 10:47:41,5,好吃,2,56947,2,普通会员,0,0
8676799,1427104322,2015-03-23 17:52:02,5,包装很赞，大爱 .玉米粒小朋友喜欢，大人也喜欢，健康食材。,29,56947,2,普通会员,0,0
3168826,1426817338,2015-03-20 10:08:58,5,好，价廉物美,6,56947,4,金卡会员,0,0
5061091,1426653616,2015-03-18 12:40:16,5,啊,1,56947,3,银卡会员,0,0
5061091,1426653577,2015-03-18 12:39:37,5,啊,1,56947,3,银卡会员,0,0
9000459,1426581182,2015-03-17 16:33:02,5,不错,2,56947,2,普通会员,0,0
8962129,1425966839,2015-03-10 13:53:59,5,还不错，炒菜煮粥都好,10,56947,2,普通会员,0,0
8542715,1425462480,2015-03-04 17:48:00,5,"一如既往的好，快，就是我买错了东西，自己没看清楚
",25,56947,2,普通会员,0,1
8653465,1425354162,2015-03-03 11:42:42,5,100分,4,56947,2,普通会员,0,0
1550787,1425198396,2015-03-01 16:26:36,5,佳尚新蔬 速冻玉米粒 500g质量很好,19,56947,3,银卡会员,0,0
3168826,1425176279,2015-03-01 10:17:59,5,价廉物美，很好！,8,56947,4,金卡会员,0,0
16099,1425008575,2015-02-27 11:42:55,5,方便实惠~~~~~,9,56947,5,钻石会员,0,0
4977973,1424598976,2015-02-22 17:56:16,5,很新鲜，不错,6,56947,3,银卡会员,0,0
8812895,1424360116,2015-02-19 23:35:16,5,好评超值，还会购买。,10,56947,2,普通会员,0,0
4359236,1423876237,2015-02-14 09:10:37,5,方便快捷,4,56947,5,钻石会员,0,0
1206795,1423461570,2015-02-09 13:59:30,5,不错，很好！,6,56947,4,金卡会员,0,1
1921726,1423218277,2015-02-06 18:24:37,5,图个方便吧，这次送货还行。,13,56947,5,钻石会员,0,0
8613923,1422945081,2015-02-03 14:31:21,5,对我们上班的人来说挺方便，同事反应都不错,20,56947,2,普通会员,0,0
8570951,1422190005,2015-01-25 20:46:45,5,发货快，包装仔细还有赠品，下回还会来。,19,56947,2,普通会员,0,0
615037,1422002296,2015-01-23 16:38:16,5,昨天傍晚下的单。一大早就到了。果然神速啊。包装很好中午吃了。非常不错。不用捡菜相当方便。赞一个,47,56947,3,银卡会员,0,0
18802403,1453283167,2016-01-20 17:46:07,3,快递打电话来说要回收箱子我还没反应过来，收到货才发现东西就直接一个顺风袋子开着口装着！这个是不是有点过分，怎么也还收了快递费，这不包邮都那么夸张…天气冷东西没坏就算了，但是快递给差评。,92,56947,2,普通会员,0,0
18821731,1457979307,2016-03-15 02:15:07,5,用户未及时做出评价，系统默认好评,16,56947,2,普通会员,0,0
17703481,1457979184,2016-03-15 02:13:04,5,用户未及时做出评价，系统默认好评,16,56947,2,普通会员,0,0
18542699,1457979157,2016-03-15 02:12:37,5,用户未及时做出评价，系统默认好评,16,56947,2,普通会员,0,0
1245762,1457979146,2016-03-15 02:12:26,5,用户未及时做出评价，系统默认好评,16,56947,2,普通会员,0,0
4440919,1457979137,2016-03-15 02:12:17,5,用户未及时做出评价，系统默认好评,16,56947,3,银卡会员,0,0
1832690,1457979088,2016-03-15 02:11:28,5,用户未及时做出评价，系统默认好评,16,56947,2,普通会员,0,0
23725875,1457893040,2016-03-14 02:17:20,5,用户未及时做出评价，系统默认好评,16,56947,2,普通会员,0,0
23725875,1457893040,2016-03-14 02:17:20,5,用户未及时做出评价，系统默认好评,16,56947,2,普通会员,0,0
3112896,1457892907,2016-03-14 02:15:07,5,用户未及时做出评价，系统默认好评,16,56947,3,银卡会员,0,0
24239339,1457892693,2016-03-14 02:11:33,5,用户未及时做出评价，系统默认好评,16,56947,2,普通会员,0,0
24239489,1457892692,2016-03-14 02:11:32,5,用户未及时做出评价，系统默认好评,16,56947,2,普通会员,0,0
24222359,1457892652,2016-03-14 02:10:52,5,用户未及时做出评价，系统默认好评,16,56947,2,普通会员,0,0
24229149,1457892638,2016-03-14 02:10:38,5,用户未及时做出评价，系统默认好评,16,56947,2,普通会员,0,0
24229671,1457892637,2016-03-14 02:10:37,5,用户未及时做出评价，系统默认好评,16,56947,2,普通会员,0,0
24229927,1457892634,2016-03-14 02:10:34,5,用户未及时做出评价，系统默认好评,16,56947,2,普通会员,0,0
24229919,1457892634,2016-03-14 02:10:34,5,用户未及时做出评价，系统默认好评,16,56947,2,普通会员,0,0
1236104,1457806608,2016-03-13 02:16:48,5,用户未及时做出评价，系统默认好评,16,56947,2,普通会员,0,0
24250457,1457806569,2016-03-13 02:16:09,5,用户未及时做出评价，系统默认好评,16,56947,2,普通会员,0,0
18578897,1457806565,2016-03-13 02:16:05,5,用户未及时做出评价，系统默认好评,16,56947,5,钻石会员,0,0
12795285,1457806543,2016-03-13 02:15:43,5,用户未及时做出评价，系统默认好评,16,56947,5,钻石会员,0,0
23931069,1457806542,2016-03-13 02:15:42,5,用户未及时做出评价，系统默认好评,16,56947,2,普通会员,0,0
24171001,1457806452,2016-03-13 02:14:12,5,用户未及时做出评价，系统默认好评,16,56947,2,普通会员,0,0
18787939,1457806386,2016-03-13 02:13:06,5,用户未及时做出评价，系统默认好评,16,56947,2,普通会员,0,0
16983143,1457633843,2016-03-11 02:17:23,5,用户未及时做出评价，系统默认好评,16,56947,3,银卡会员,0,0
9961403,1457633801,2016-03-11 02:16:41,5,用户未及时做出评价，系统默认好评,16,56947,5,钻石会员,0,0
456494,1457633716,2016-03-11 02:15:16,5,用户未及时做出评价，系统默认好评,16,56947,3,银卡会员,0,0
24218483,1457633693,2016-03-11 02:14:53,5,用户未及时做出评价，系统默认好评,16,56947,2,普通会员,0,0
3404832,1457633658,2016-03-11 02:14:18,5,用户未及时做出评价，系统默认好评,16,56947,4,金卡会员,0,0
23943569,1457633628,2016-03-11 02:13:48,5,用户未及时做出评价，系统默认好评,16,56947,2,普通会员,0,0
23943569,1457633626,2016-03-11 02:13:46,5,用户未及时做出评价，系统默认好评,16,56947,2,普通会员,0,0
24163785,1457633431,2016-03-11 02:10:31,5,用户未及时做出评价，系统默认好评,16,56947,2,普通会员,0,0
23981121,1457633413,2016-03-11 02:10:13,5,用户未及时做出评价，系统默认好评,16,56947,2,普通会员,0,0
9782427,1457633389,2016-03-11 02:09:49,5,用户未及时做出评价，系统默认好评,16,56947,2,普通会员,0,0
24229759,1457547410,2016-03-10 02:16:50,5,用户未及时做出评价，系统默认好评,16,56947,2,普通会员,0,0
16904383,1457547405,2016-03-10 02:16:45,5,用户未及时做出评价，系统默认好评,16,56947,5,钻石会员,0,0
16929151,1457547399,2016-03-10 02:16:39,5,用户未及时做出评价，系统默认好评,16,56947,5,钻石会员,0,0
13992714,1457547288,2016-03-10 02:14:48,5,用户未及时做出评价，系统默认好评,16,56947,2,普通会员,0,0
8794661,1457547287,2016-03-10 02:14:47,5,用户未及时做出评价，系统默认好评,16,56947,2,普通会员,0,0
15801971,1457547149,2016-03-10 02:12:29,5,用户未及时做出评价，系统默认好评,16,56947,2,普通会员,0,0
23941703,1457547091,2016-03-10 02:11:31,5,用户未及时做出评价，系统默认好评,16,56947,2,普通会员,0,0
18342089,1457374603,2016-03-08 02:16:43,5,用户未及时做出评价，系统默认好评,16,56947,5,钻石会员,0,0
16929151,1457374519,2016-03-08 02:15:19,5,用户未及时做出评价，系统默认好评,16,56947,5,钻石会员,0,0
23941871,1457374280,2016-03-08 02:11:20,5,用户未及时做出评价，系统默认好评,16,56947,2,普通会员,0,0
23615271,1457374279,2016-03-08 02:11:19,5,用户未及时做出评价，系统默认好评,16,56947,2,普通会员,0,0
16980949,1457374058,2016-03-08 02:07:38,5,用户未及时做出评价，系统默认好评,16,56947,5,钻石会员,0,0
9183185,1457288176,2016-03-07 02:16:16,5,用户未及时做出评价，系统默认好评,16,56947,4,金卡会员,0,0
16980967,1457288113,2016-03-07 02:15:13,5,用户未及时做出评价，系统默认好评,16,56947,4,金卡会员,0,0
18578897,1457287962,2016-03-07 02:12:42,5,用户未及时做出评价，系统默认好评,16,56947,5,钻石会员,0,0
23987617,1457287913,2016-03-07 02:11:53,5,用户未及时做出评价，系统默认好评,16,56947,2,普通会员,0,0
8377645,1457287902,2016-03-07 02:11:42,5,用户未及时做出评价，系统默认好评,16,56947,3,银卡会员,0,0
23942311,1457287859,2016-03-07 02:10:59,5,用户未及时做出评价，系统默认好评,16,56947,2,普通会员,0,0
16904383,1457115446,2016-03-05 02:17:26,5,用户未及时做出评价，系统默认好评,16,56947,5,钻石会员,0,0
18414633,1457115323,2016-03-05 02:15:23,5,用户未及时做出评价，系统默认好评,16,56947,3,银卡会员,0,0
18578897,1457115209,2016-03-05 02:13:29,5,用户未及时做出评价，系统默认好评,16,56947,5,钻石会员,0,0
18578897,1457115081,2016-03-05 02:11:21,5,用户未及时做出评价，系统默认好评,16,56947,5,钻石会员,0,0
18578897,1457115002,2016-03-05 02:10:02,5,用户未及时做出评价，系统默认好评,16,56947,5,钻石会员,0,0
1246967,1456942488,2016-03-03 02:14:48,5,用户未及时做出评价，系统默认好评,16,56947,3,银卡会员,0,0
24056731,1456942460,2016-03-03 02:14:20,5,用户未及时做出评价，系统默认好评,16,56947,2,普通会员,0,0
4493419,1456942443,2016-03-03 02:14:03,5,用户未及时做出评价，系统默认好评,16,56947,2,普通会员,0,0
1513843,1456942412,2016-03-03 02:13:32,5,用户未及时做出评价，系统默认好评,16,56947,3,银卡会员,0,0
24023319,1456942284,2016-03-03 02:11:24,5,用户未及时做出评价，系统默认好评,16,56947,2,普通会员,0,0
17047659,1456942002,2016-03-03 02:06:42,5,用户未及时做出评价，系统默认好评,16,56947,5,钻石会员,0,0
16904383,1456856096,2016-03-02 02:14:56,5,用户未及时做出评价，系统默认好评,16,56947,5,钻石会员,0,0
18903153,1456856056,2016-03-02 02:14:16,5,用户未及时做出评价，系统默认好评,16,56947,2,普通会员,0,0
66406,1456856021,2016-03-02 02:13:41,5,用户未及时做出评价，系统默认好评,16,56947,2,普通会员,0,0
8635117,1456856008,2016-03-02 02:13:28,5,用户未及时做出评价，系统默认好评,16,56947,3,银卡会员,0,0
1029015,1456855961,2016-03-02 02:12:41,5,用户未及时做出评价，系统默认好评,16,56947,2,普通会员,0,0
24017777,1456855939,2016-03-02 02:12:19,5,用户未及时做出评价，系统默认好评,16,56947,2,普通会员,0,0
18578897,1456855867,2016-03-02 02:11:07,5,用户未及时做出评价，系统默认好评,16,56947,5,钻石会员,0,0
18578897,1456855751,2016-03-02 02:09:11,5,用户未及时做出评价，系统默认好评,16,56947,5,钻石会员,0,0
16904383,1456769696,2016-03-01 02:14:56,5,用户未及时做出评价，系统默认好评,16,56947,5,钻石会员,0,0
24012079,1456769611,2016-03-01 02:13:31,5,用户未及时做出评价，系统默认好评,16,56947,2,普通会员,0,0
18578897,1456769601,2016-03-01 02:13:21,5,用户未及时做出评价，系统默认好评,16,56947,5,钻石会员,0,0
8350197,1456769529,2016-03-01 02:12:09,5,用户未及时做出评价，系统默认好评,16,56947,2,普通会员,0,0
18578897,1456769400,2016-03-01 02:10:00,5,用户未及时做出评价，系统默认好评,16,56947,5,钻石会员,0,0
5382719,1456769289,2016-03-01 02:08:09,5,用户未及时做出评价，系统默认好评,16,56947,2,普通会员,0,0
636195,1456684210,2016-02-29 02:30:10,5,用户未及时做出评价，系统默认好评,16,56947,2,普通会员,0,0
23969557,1456684092,2016-02-29 02:28:12,5,用户未及时做出评价，系统默认好评,16,56947,2,普通会员,0,0
15343281,1456684040,2016-02-29 02:27:20,5,用户未及时做出评价，系统默认好评,16,56947,3,银卡会员,0,0
23928825,1456684034,2016-02-29 02:27:14,5,用户未及时做出评价，系统默认好评,16,56947,2,普通会员,0,0
5379655,1456684012,2016-02-29 02:26:52,5,用户未及时做出评价，系统默认好评,16,56947,3,银卡会员,0,0
16939455,1456683420,2016-02-29 02:17:00,5,用户未及时做出评价，系统默认好评,16,56947,5,钻石会员,0,0
17020553,1456683392,2016-02-29 02:16:32,5,用户未及时做出评价，系统默认好评,16,56947,4,金卡会员,0,0
16931101,1456683381,2016-02-29 02:16:21,5,用户未及时做出评价，系统默认好评,16,56947,3,银卡会员,0,0
16925145,1456683358,2016-02-29 02:15:58,5,用户未及时做出评价，系统默认好评,16,56947,4,金卡会员,0,0
17047659,1456682601,2016-02-29 02:03:21,5,用户未及时做出评价，系统默认好评,16,56947,5,钻石会员,0,0
8506543,1456596500,2016-02-28 02:08:20,5,用户未及时做出评价，系统默认好评,16,56947,2,普通会员,0,0
23949045,1456596473,2016-02-28 02:07:53,5,用户未及时做出评价，系统默认好评,16,56947,2,普通会员,0,0
3200466,1456510090,2016-02-27 02:08:10,5,用户未及时做出评价，系统默认好评,16,56947,3,银卡会员,0,0
18578897,1456510084,2016-02-27 02:08:04,5,用户未及时做出评价，系统默认好评,16,56947,5,钻石会员,0,0
18134851,1456423663,2016-02-26 02:07:43,5,用户未及时做出评价，系统默认好评,16,56947,2,普通会员,0,0
18578897,1456337305,2016-02-25 02:08:25,5,用户未及时做出评价，系统默认好评,16,56947,5,钻石会员,0,0
700282,1456164480,2016-02-23 02:08:00,5,用户未及时做出评价，系统默认好评,16,56947,4,金卡会员,0,0
14820369,1456078065,2016-02-22 02:07:45,5,用户未及时做出评价，系统默认好评,16,56947,2,普通会员,0,0
18578897,1455991400,2016-02-21 02:03:20,5,用户未及时做出评价，系统默认好评,16,56947,5,钻石会员,0,0
14812141,1455732413,2016-02-18 02:06:53,5,用户未及时做出评价，系统默认好评,16,56947,2,普通会员,0,0
4280956,1455300370,2016-02-13 02:06:10,5,用户未及时做出评价，系统默认好评,16,56947,5,钻石会员,0,0
18578897,1455300194,2016-02-13 02:03:14,5,用户未及时做出评价，系统默认好评,16,56947,5,钻石会员,0,0
8350197,1455213869,2016-02-12 02:04:29,5,用户未及时做出评价，系统默认好评,16,56947,2,普通会员,0,0
18578897,1455213831,2016-02-12 02:03:51,5,用户未及时做出评价，系统默认好评,16,56947,5,钻石会员,0,0
18578897,1455213816,2016-02-12 02:03:36,5,用户未及时做出评价，系统默认好评,16,56947,5,钻石会员,0,0
23534823,1455213785,2016-02-12 02:03:05,5,用户未及时做出评价，系统默认好评,16,56947,2,普通会员,0,0
8207119,1455041189,2016-02-10 02:06:29,5,用户未及时做出评价，系统默认好评,16,56947,2,普通会员,0,0
18991013,1454954802,2016-02-09 02:06:42,5,用户未及时做出评价，系统默认好评,16,56947,3,银卡会员,0,0
18855865,1454954796,2016-02-09 02:06:36,5,用户未及时做出评价，系统默认好评,16,56947,2,普通会员,0,0
1812324,1454868399,2016-02-08 02:06:39,5,用户未及时做出评价，系统默认好评,16,56947,3,银卡会员,0,0
4310314,1454782000,2016-02-07 02:06:40,5,用户未及时做出评价，系统默认好评,16,56947,2,普通会员,0,0
300895,1454695678,2016-02-06 02:07:58,5,用户未及时做出评价，系统默认好评,16,56947,2,普通会员,0,0
1496504,1454695676,2016-02-06 02:07:56,5,用户未及时做出评价，系统默认好评,16,56947,2,普通会员,0,0
4544395,1454695674,2016-02-06 02:07:54,5,用户未及时做出评价，系统默认好评,16,56947,2,普通会员,0,0
14156964,1454695629,2016-02-06 02:07:09,5,用户未及时做出评价，系统默认好评,16,56947,2,普通会员,0,0
18578897,1454695612,2016-02-06 02:06:52,5,用户未及时做出评价，系统默认好评,16,56947,5,钻石会员,0,0
18742377,1454609237,2016-02-05 02:07:17,5,用户未及时做出评价，系统默认好评,16,56947,2,普通会员,0,0
417554,1454522762,2016-02-04 02:06:02,5,用户未及时做出评价，系统默认好评,16,56947,2,普通会员,0,0
23545535,1454522726,2016-02-04 02:05:26,5,用户未及时做出评价，系统默认好评,16,56947,2,普通会员,0,0
5384189,1454522659,2016-02-04 02:04:19,5,用户未及时做出评价，系统默认好评,16,56947,2,普通会员,0,0
13045977,1454436358,2016-02-03 02:05:58,5,用户未及时做出评价，系统默认好评,16,56947,4,金卡会员,0,0
7503877,1454436353,2016-02-03 02:05:53,5,用户未及时做出评价，系统默认好评,16,56947,3,银卡会员,0,0
15961621,1454350019,2016-02-02 02:06:59,5,用户未及时做出评价，系统默认好评,16,56947,2,普通会员,0,0
23521773,1454349988,2016-02-02 02:06:28,5,用户未及时做出评价，系统默认好评,16,56947,2,普通会员,0,0
490371,1454177310,2016-01-31 02:08:30,5,用户未及时做出评价，系统默认好评,16,56947,4,金卡会员,0,0
23504617,1454177302,2016-01-31 02:08:22,5,用户未及时做出评价，系统默认好评,16,56947,2,普通会员,0,0
23409809,1454177153,2016-01-31 02:05:53,5,用户未及时做出评价，系统默认好评,16,56947,2,普通会员,0,0
18578897,1454177124,2016-01-31 02:05:24,5,用户未及时做出评价，系统默认好评,16,56947,5,钻石会员,0,0
811317,1454090897,2016-01-30 02:08:17,5,用户未及时做出评价，系统默认好评,16,56947,2,普通会员,0,0
23474905,1454090871,2016-01-30 02:07:51,5,用户未及时做出评价，系统默认好评,16,56947,2,普通会员,0,0
271037,1454090854,2016-01-30 02:07:34,5,用户未及时做出评价，系统默认好评,16,56947,3,银卡会员,0,0
9257435,1454090814,2016-01-30 02:06:54,5,用户未及时做出评价，系统默认好评,16,56947,2,普通会员,0,0
1358614,1454090808,2016-01-30 02:06:48,5,用户未及时做出评价，系统默认好评,16,56947,4,金卡会员,0,0
18578897,1454090780,2016-01-30 02:06:20,5,用户未及时做出评价，系统默认好评,16,56947,5,钻石会员,0,0
245859,1454004453,2016-01-29 02:07:33,5,用户未及时做出评价，系统默认好评,16,56947,3,银卡会员,0,0
12514031,1454004385,2016-01-29 02:06:25,5,用户未及时做出评价，系统默认好评,16,56947,2,普通会员,0,0
18712209,1454004382,2016-01-29 02:06:22,5,用户未及时做出评价，系统默认好评,16,56947,4,金卡会员,0,0
9206501,1453918044,2016-01-28 02:07:24,5,用户未及时做出评价，系统默认好评,16,56947,3,银卡会员,0,0
17532685,1453831641,2016-01-27 02:07:21,5,用户未及时做出评价，系统默认好评,16,56947,3,银卡会员,0,0
8884069,1453831626,2016-01-27 02:07:06,5,用户未及时做出评价，系统默认好评,16,56947,4,金卡会员,0,0
492708,1453831574,2016-01-27 02:06:14,5,用户未及时做出评价，系统默认好评,16,56947,3,银卡会员,0,0
16504765,1453745189,2016-01-26 02:06:29,5,用户未及时做出评价，系统默认好评,16,56947,2,普通会员,0,0
18707377,1453745159,2016-01-26 02:05:59,5,用户未及时做出评价，系统默认好评,16,56947,4,金卡会员,0,0
23323877,1453745132,2016-01-26 02:05:32,5,用户未及时做出评价，系统默认好评,16,56947,2,普通会员,0,0
18578897,1453745048,2016-01-26 02:04:08,5,用户未及时做出评价，系统默认好评,16,56947,5,钻石会员,0,0
8196083,1453658920,2016-01-25 02:08:40,5,用户未及时做出评价，系统默认好评,16,56947,2,普通会员,0,0
18578897,1453658920,2016-01-25 02:08:40,5,用户未及时做出评价，系统默认好评,16,56947,5,钻石会员,0,0
23242827,1453658862,2016-01-25 02:07:42,5,用户未及时做出评价，系统默认好评,16,56947,2,普通会员,0,0
14993951,1453658812,2016-01-25 02:06:52,5,用户未及时做出评价，系统默认好评,16,56947,2,普通会员,0,0
18578897,1453658711,2016-01-25 02:05:11,5,用户未及时做出评价，系统默认好评,16,56947,5,钻石会员,0,0
18707377,1453658701,2016-01-25 02:05:01,5,用户未及时做出评价，系统默认好评,16,56947,4,金卡会员,0,0
18712209,1453572390,2016-01-24 02:06:30,5,用户未及时做出评价，系统默认好评,16,56947,4,金卡会员,0,0
456494,1453572280,2016-01-24 02:04:40,5,用户未及时做出评价，系统默认好评,16,56947,3,银卡会员,0,0
23358635,1453486027,2016-01-23 02:07:07,5,用户未及时做出评价，系统默认好评,16,56947,2,普通会员,0,0
8507529,1453485977,2016-01-23 02:06:17,5,用户未及时做出评价，系统默认好评,16,56947,5,钻石会员,0,0
18758179,1453485888,2016-01-23 02:04:48,5,用户未及时做出评价，系统默认好评,16,56947,2,普通会员,0,0
23350955,1453399682,2016-01-22 02:08:02,5,用户未及时做出评价，系统默认好评,16,56947,2,普通会员,0,0
5368627,1453399682,2016-01-22 02:08:02,5,用户未及时做出评价，系统默认好评,16,56947,3,银卡会员,0,0
5626727,1453399574,2016-01-22 02:06:14,5,用户未及时做出评价，系统默认好评,16,56947,3,银卡会员,0,0
2354650,1453399560,2016-01-22 02:06:00,5,用户未及时做出评价，系统默认好评,16,56947,4,金卡会员,0,0
15006641,1453399554,2016-01-22 02:05:54,5,用户未及时做出评价，系统默认好评,16,56947,2,普通会员,0,0
15938999,1453313170,2016-01-21 02:06:10,5,用户未及时做出评价，系统默认好评,16,56947,2,普通会员,0,0
18424631,1453313077,2016-01-21 02:04:37,5,用户未及时做出评价，系统默认好评,16,56947,5,钻石会员,0,0
18706637,1453226792,2016-01-20 02:06:32,5,用户未及时做出评价，系统默认好评,16,56947,4,金卡会员,0,0
18875585,1453226780,2016-01-20 02:06:20,5,用户未及时做出评价，系统默认好评,16,56947,2,普通会员,0,0
272331,1453140476,2016-01-19 02:07:56,5,用户未及时做出评价，系统默认好评,16,56947,4,金卡会员,0,0
517553,1453140453,2016-01-19 02:07:33,5,用户未及时做出评价，系统默认好评,16,56947,2,普通会员,0,0
668119,1453140451,2016-01-19 02:07:31,5,用户未及时做出评价，系统默认好评,16,56947,2,普通会员,0,0
1727492,1453140392,2016-01-19 02:06:32,5,用户未及时做出评价，系统默认好评,16,56947,2,普通会员,0,0
18712267,1453140358,2016-01-19 02:05:58,5,用户未及时做出评价，系统默认好评,16,56947,4,金卡会员,0,0
18937731,1453140309,2016-01-19 02:05:09,5,用户未及时做出评价，系统默认好评,16,56947,2,普通会员,0,0
18714793,1453140269,2016-01-19 02:04:29,5,用户未及时做出评价，系统默认好评,16,56947,4,金卡会员,0,0
4868975,1453054049,2016-01-18 02:07:29,5,用户未及时做出评价，系统默认好评,16,56947,3,银卡会员,0,0
4517599,1453054028,2016-01-18 02:07:08,5,用户未及时做出评价，系统默认好评,16,56947,2,普通会员,0,0
16686737,1453054003,2016-01-18 02:06:43,5,用户未及时做出评价，系统默认好评,16,56947,2,普通会员,0,0
18945285,1453053988,2016-01-18 02:06:28,5,用户未及时做出评价，系统默认好评,16,56947,4,金卡会员,0,0
18029979,1452881275,2016-01-16 02:07:55,5,用户未及时做出评价，系统默认好评,16,56947,2,普通会员,0,0
14782031,1452794819,2016-01-15 02:06:59,5,用户未及时做出评价，系统默认好评,16,56947,2,普通会员,0,0
18986923,1452794712,2016-01-15 02:05:12,5,用户未及时做出评价，系统默认好评,16,56947,2,普通会员,0,0
8794661,1452708311,2016-01-14 02:05:11,5,用户未及时做出评价，系统默认好评,16,56947,2,普通会员,0,0
18657121,1452708173,2016-01-14 02:02:53,5,用户未及时做出评价，系统默认好评,16,56947,2,普通会员,0,0
13232751,1452622024,2016-01-13 02:07:04,5,用户未及时做出评价，系统默认好评,16,56947,2,普通会员,0,0
18714803,1452622022,2016-01-13 02:07:02,5,用户未及时做出评价，系统默认好评,16,56947,4,金卡会员,0,0
1250272,1452621995,2016-01-13 02:06:35,5,用户未及时做出评价，系统默认好评,16,56947,2,普通会员,0,0
18426027,1452621956,2016-01-13 02:05:56,5,用户未及时做出评价，系统默认好评,16,56947,2,普通会员,0,0
18791171,1452535679,2016-01-12 02:07:59,5,用户未及时做出评价，系统默认好评,16,56947,2,普通会员,0,0
18885033,1452535619,2016-01-12 02:06:59,5,用户未及时做出评价，系统默认好评,16,56947,2,普通会员,0,0
5412915,1452535618,2016-01-12 02:06:58,5,用户未及时做出评价，系统默认好评,16,56947,2,普通会员,0,0
18712209,1452535598,2016-01-12 02:06:38,5,用户未及时做出评价，系统默认好评,16,56947,4,金卡会员,0,0
18983071,1452449245,2016-01-11 02:07:25,5,用户未及时做出评价，系统默认好评,16,56947,2,普通会员,0,0
18855729,1452448984,2016-01-11 02:03:04,5,用户未及时做出评价，系统默认好评,16,56947,2,普通会员,0,0
4503017,1452362833,2016-01-10 02:07:13,5,用户未及时做出评价，系统默认好评,16,56947,2,普通会员,0,0
1292771,1452362808,2016-01-10 02:06:48,5,用户未及时做出评价，系统默认好评,16,56947,2,普通会员,0,0
16297565,1452362750,2016-01-10 02:05:50,5,用户未及时做出评价，系统默认好评,16,56947,2,普通会员,0,0
5508597,1452190076,2016-01-08 02:07:56,5,用户未及时做出评价，系统默认好评,16,56947,4,金卡会员,0,0
18837035,1452189939,2016-01-08 02:05:39,5,用户未及时做出评价，系统默认好评,16,56947,2,普通会员,0,0
1244611,1452103639,2016-01-07 02:07:19,5,用户未及时做出评价，系统默认好评,16,56947,2,普通会员,0,0
14214396,1452103619,2016-01-07 02:06:59,5,用户未及时做出评价，系统默认好评,16,56947,3,银卡会员,0,0
18881981,1452017186,2016-01-06 02:06:26,5,用户未及时做出评价，系统默认好评,16,56947,2,普通会员,0,0
5548805,1451930673,2016-01-05 02:04:33,5,用户未及时做出评价，系统默认好评,16,56947,4,金卡会员,0,0
18804915,1451844294,2016-01-04 02:04:54,5,用户未及时做出评价，系统默认好评,16,56947,2,普通会员,0,0
4464011,1451758058,2016-01-03 02:07:38,5,用户未及时做出评价，系统默认好评,16,56947,3,银卡会员,0,0
14923919,1451758013,2016-01-03 02:06:53,5,用户未及时做出评价，系统默认好评,16,56947,2,普通会员,0,0
18429283,1451757967,2016-01-03 02:06:07,5,用户未及时做出评价，系统默认好评,16,56947,2,普通会员,0,0
18805159,1451757954,2016-01-03 02:05:54,5,用户未及时做出评价，系统默认好评,16,56947,2,普通会员,0,0
18787567,1451671520,2016-01-02 02:05:20,5,用户未及时做出评价，系统默认好评,16,56947,2,普通会员,0,0
1167141,1451585260,2016-01-01 02:07:40,5,用户未及时做出评价，系统默认好评,16,56947,3,银卡会员,0,0
18705859,1451585247,2016-01-01 02:07:27,5,用户未及时做出评价，系统默认好评,16,56947,4,金卡会员,0,0
598377,1451498803,2015-12-31 02:06:43,5,用户未及时做出评价，系统默认好评,16,56947,2,普通会员,0,0
1064868,1451498791,2015-12-31 02:06:31,5,用户未及时做出评价，系统默认好评,16,56947,3,银卡会员,0,0
17607555,1451412359,2015-12-30 02:05:59,5,用户未及时做出评价，系统默认好评,16,56947,2,普通会员,0,0
878417,1451412347,2015-12-30 02:05:47,5,用户未及时做出评价，系统默认好评,16,56947,2,普通会员,0,0
526767,1451325988,2015-12-29 02:06:28,5,用户未及时做出评价，系统默认好评,16,56947,3,银卡会员,0,0
1546976,1451325969,2015-12-29 02:06:09,5,用户未及时做出评价，系统默认好评,16,56947,4,金卡会员,0,0
1241661,1451325962,2015-12-29 02:06:02,5,用户未及时做出评价，系统默认好评,16,56947,3,银卡会员,0,0
422882,1451153331,2015-12-27 02:08:51,5,用户未及时做出评价，系统默认好评,16,56947,3,银卡会员,0,0
615037,1451153258,2015-12-27 02:07:38,5,用户未及时做出评价，系统默认好评,16,56947,3,银卡会员,0,0
176443,1451153159,2015-12-27 02:05:59,5,用户未及时做出评价，系统默认好评,16,56947,3,银卡会员,0,0
9186497,1451066798,2015-12-26 02:06:38,5,用户未及时做出评价，系统默认好评,16,56947,3,银卡会员,0,0
3077794,1451066761,2015-12-26 02:06:01,5,用户未及时做出评价，系统默认好评,16,56947,2,普通会员,0,0
16686737,1451066734,2015-12-26 02:05:34,5,用户未及时做出评价，系统默认好评,16,56947,2,普通会员,0,0
15230655,1450980390,2015-12-25 02:06:30,5,用户未及时做出评价，系统默认好评,16,56947,3,银卡会员,0,0
18602215,1450980318,2015-12-25 02:05:18,5,用户未及时做出评价，系统默认好评,16,56947,2,普通会员,0,0
5671953,1450980316,2015-12-25 02:05:16,5,用户未及时做出评价，系统默认好评,16,56947,2,普通会员,0,0
755104,1450980216,2015-12-25 02:03:36,5,用户未及时做出评价，系统默认好评,16,56947,4,金卡会员,0,0
18568103,1450893989,2015-12-24 02:06:29,5,用户未及时做出评价，系统默认好评,16,56947,2,普通会员,0,0
13753,1450807649,2015-12-23 02:07:29,5,用户未及时做出评价，系统默认好评,16,56947,3,银卡会员,0,0
18578291,1450807636,2015-12-23 02:07:16,5,用户未及时做出评价，系统默认好评,16,56947,2,普通会员,0,0
422589,1450807616,2015-12-23 02:06:56,5,用户未及时做出评价，系统默认好评,16,56947,2,普通会员,0,0
15883661,1450548396,2015-12-20 02:06:36,5,用户未及时做出评价，系统默认好评,16,56947,2,普通会员,0,0
15121781,1450116399,2015-12-15 02:06:39,5,用户未及时做出评价，系统默认好评,16,56947,2,普通会员,0,0
16675993,1449857102,2015-12-12 02:05:02,5,用户未及时做出评价，系统默认好评,16,56947,2,普通会员,0,0
8679255,1449770779,2015-12-11 02:06:19,5,用户未及时做出评价，系统默认好评,16,56947,3,银卡会员,0,0
17532685,1449597985,2015-12-09 02:06:25,5,用户未及时做出评价，系统默认好评,16,56947,3,银卡会员,0,0
9512709,1449597951,2015-12-09 02:05:51,5,用户未及时做出评价，系统默认好评,16,56947,3,银卡会员,0,0
15365293,1448993130,2015-12-02 02:05:30,5,用户未及时做出评价，系统默认好评,16,56947,2,普通会员,0,0
1075128,1448906795,2015-12-01 02:06:35,5,用户未及时做出评价，系统默认好评,16,56947,2,普通会员,0,0
907757,1448474786,2015-11-26 02:06:26,5,用户未及时做出评价，系统默认好评,16,56947,4,金卡会员,0,0
590878,1448215746,2015-11-23 02:09:06,5,用户未及时做出评价，系统默认好评,16,56947,3,银卡会员,0,0
4775757,1448215596,2015-11-23 02:06:36,5,用户未及时做出评价，系统默认好评,16,56947,2,普通会员,0,0
17392937,1448042619,2015-11-21 02:03:39,5,用户未及时做出评价，系统默认好评,16,56947,2,普通会员,0,0
4271664,1447956281,2015-11-20 02:04:41,5,用户未及时做出评价，系统默认好评,16,56947,3,银卡会员,0,0
8508113,1447869928,2015-11-19 02:05:28,5,用户未及时做出评价，系统默认好评,16,56947,3,银卡会员,0,0
15957685,1447697155,2015-11-17 02:05:55,5,用户未及时做出评价，系统默认好评,16,56947,2,普通会员,0,0
14455312,1447524352,2015-11-15 02:05:52,5,用户未及时做出评价，系统默认好评,16,56947,2,普通会员,0,0
15343281,1447524347,2015-11-15 02:05:47,5,用户未及时做出评价，系统默认好评,16,56947,3,银卡会员,0,0
17362443,1447265120,2015-11-12 02:05:20,5,用户未及时做出评价，系统默认好评,16,56947,2,普通会员,0,0
3038006,1447265119,2015-11-12 02:05:19,5,用户未及时做出评价，系统默认好评,16,56947,3,银卡会员,0,0
456494,1447178749,2015-11-11 02:05:49,5,用户未及时做出评价，系统默认好评,16,56947,3,银卡会员,0,0
17346625,1447178748,2015-11-11 02:05:48,5,用户未及时做出评价，系统默认好评,16,56947,2,普通会员,0,0
17327215,1447092352,2015-11-10 02:05:52,5,用户未及时做出评价，系统默认好评,16,56947,2,普通会员,0,0
606750,1447092229,2015-11-10 02:03:49,5,用户未及时做出评价，系统默认好评,16,56947,3,银卡会员,0,0
584133,1447005947,2015-11-09 02:05:47,5,用户未及时做出评价，系统默认好评,16,56947,5,钻石会员,0,0
17148047,1446919550,2015-11-08 02:05:50,5,用户未及时做出评价，系统默认好评,16,56947,2,普通会员,0,0
17141601,1446833201,2015-11-07 02:06:41,5,用户未及时做出评价，系统默认好评,16,56947,2,普通会员,0,0
17259189,1446833193,2015-11-07 02:06:33,5,用户未及时做出评价，系统默认好评,16,56947,2,普通会员,0,0
8686071,1446746721,2015-11-06 02:05:21,5,用户未及时做出评价，系统默认好评,16,56947,2,普通会员,0,0
17178971,1446746656,2015-11-06 02:04:16,5,用户未及时做出评价，系统默认好评,16,56947,2,普通会员,0,0
1285050,1446660513,2015-11-05 02:08:33,5,用户未及时做出评价，系统默认好评,16,56947,4,金卡会员,0,0
17150277,1446487854,2015-11-03 02:10:54,5,用户未及时做出评价，系统默认好评,16,56947,2,普通会员,0,0
2880684,1446228553,2015-10-31 02:09:13,5,用户未及时做出评价，系统默认好评,16,56947,3,银卡会员,0,0
407805,1446228447,2015-10-31 02:07:27,5,用户未及时做出评价，系统默认好评,16,56947,2,普通会员,0,0
497608,1446142028,2015-10-30 02:07:08,5,用户未及时做出评价，系统默认好评,16,56947,3,银卡会员,0,0
12363411,1445969240,2015-10-28 02:07:20,5,用户未及时做出评价，系统默认好评,16,56947,5,钻石会员,0,0
8470677,1445796439,2015-10-26 02:07:19,5,用户未及时做出评价，系统默认好评,16,56947,2,普通会员,0,0
15879609,1445710042,2015-10-25 02:07:22,5,用户未及时做出评价，系统默认好评,16,56947,2,普通会员,0,0
46011,1445623646,2015-10-24 02:07:26,5,用户未及时做出评价，系统默认好评,16,56947,2,普通会员,0,0
12968183,1445537134,2015-10-23 02:05:34,5,用户未及时做出评价，系统默认好评,16,56947,2,普通会员,0,0
12363411,1445450824,2015-10-22 02:07:04,5,用户未及时做出评价，系统默认好评,16,56947,5,钻石会员,0,0
16307057,1445277959,2015-10-20 02:05:59,5,用户未及时做出评价，系统默认好评,16,56947,2,普通会员,0,0
8546447,1445277921,2015-10-20 02:05:21,5,用户未及时做出评价，系统默认好评,16,56947,2,普通会员,0,0
705617,1445191509,2015-10-19 02:05:09,5,用户未及时做出评价，系统默认好评,16,56947,2,普通会员,0,0
14092758,1445105153,2015-10-18 02:05:53,5,用户未及时做出评价，系统默认好评,16,56947,2,普通会员,0,0
9275625,1445105082,2015-10-18 02:04:42,5,用户未及时做出评价，系统默认好评,16,56947,2,普通会员,0,0
658803,1445018684,2015-10-17 02:04:44,5,用户未及时做出评价，系统默认好评,16,56947,2,普通会员,0,0
75126,1445018642,2015-10-17 02:04:02,5,用户未及时做出评价，系统默认好评,16,56947,2,普通会员,0,0
16383301,1445018627,2015-10-17 02:03:47,5,用户未及时做出评价，系统默认好评,16,56947,2,普通会员,0,0
15028255,1445018563,2015-10-17 02:02:43,5,用户未及时做出评价，系统默认好评,16,56947,2,普通会员,0,0
3118160,1444932366,2015-10-16 02:06:06,5,用户未及时做出评价，系统默认好评,16,56947,3,银卡会员,0,0
15941307,1444932326,2015-10-16 02:05:26,5,用户未及时做出评价，系统默认好评,16,56947,2,普通会员,0,0
5307957,1444932216,2015-10-16 02:03:36,5,用户未及时做出评价，系统默认好评,16,56947,3,银卡会员,0,0
15241157,1444845944,2015-10-15 02:05:44,5,用户未及时做出评价，系统默认好评,16,56947,2,普通会员,0,0
710746,1444845897,2015-10-15 02:04:57,5,用户未及时做出评价，系统默认好评,16,56947,3,银卡会员,0,0
16268541,1444845868,2015-10-15 02:04:28,5,用户未及时做出评价，系统默认好评,16,56947,2,普通会员,0,0
9703667,1444845858,2015-10-15 02:04:18,5,用户未及时做出评价，系统默认好评,16,56947,2,普通会员,0,0
16007069,1444845845,2015-10-15 02:04:05,5,用户未及时做出评价，系统默认好评,16,56947,2,普通会员,0,0
833426,1444759488,2015-10-14 02:04:48,5,用户未及时做出评价，系统默认好评,16,56947,2,普通会员,0,0
5517205,1444673060,2015-10-13 02:04:20,5,用户未及时做出评价，系统默认好评,16,56947,3,银卡会员,0,0
16295127,1444673051,2015-10-13 02:04:11,5,用户未及时做出评价，系统默认好评,16,56947,2,普通会员,0,0
4300908,1444673023,2015-10-13 02:03:43,5,用户未及时做出评价，系统默认好评,16,56947,2,普通会员,0,0
494661,1444586665,2015-10-12 02:04:25,5,用户未及时做出评价，系统默认好评,16,56947,2,普通会员,0,0
833090,1444586657,2015-10-12 02:04:17,5,用户未及时做出评价，系统默认好评,16,56947,3,银卡会员,0,0
12536081,1444586616,2015-10-12 02:03:36,5,用户未及时做出评价，系统默认好评,16,56947,2,普通会员,0,0
3077794,1444500286,2015-10-11 02:04:46,5,用户未及时做出评价，系统默认好评,16,56947,2,普通会员,0,0
5150635,1444413877,2015-10-10 02:04:37,5,用户未及时做出评价，系统默认好评,16,56947,2,普通会员,0,0
639453,1444413875,2015-10-10 02:04:35,5,用户未及时做出评价，系统默认好评,16,56947,2,普通会员,0,0
16188791,1444413847,2015-10-10 02:04:07,5,用户未及时做出评价，系统默认好评,16,56947,2,普通会员,0,0
513423,1444327447,2015-10-09 02:04:07,5,用户未及时做出评价，系统默认好评,16,56947,3,银卡会员,0,0
4503017,1444327438,2015-10-09 02:03:58,5,用户未及时做出评价，系统默认好评,16,56947,2,普通会员,0,0
16154687,1444241122,2015-10-08 02:05:22,5,用户未及时做出评价，系统默认好评,16,56947,2,普通会员,0,0
5411173,1444241074,2015-10-08 02:04:34,5,用户未及时做出评价，系统默认好评,16,56947,3,银卡会员,0,0
15331097,1444154708,2015-10-07 02:05:08,5,用户未及时做出评价，系统默认好评,16,56947,3,银卡会员,0,0
15398147,1444068318,2015-10-06 02:05:18,5,用户未及时做出评价，系统默认好评,16,56947,2,普通会员,0,0
9190299,1444068292,2015-10-06 02:04:52,5,用户未及时做出评价，系统默认好评,16,56947,2,普通会员,0,0
5626727,1444068280,2015-10-06 02:04:40,5,用户未及时做出评价，系统默认好评,16,56947,3,银卡会员,0,0
13731888,1443981923,2015-10-05 02:05:23,5,用户未及时做出评价，系统默认好评,16,56947,2,普通会员,0,0
8410321,1443981919,2015-10-05 02:05:19,5,用户未及时做出评价，系统默认好评,16,56947,2,普通会员,0,0
442508,1443981904,2015-10-05 02:05:04,5,用户未及时做出评价，系统默认好评,16,56947,2,普通会员,0,0
9123425,1443895492,2015-10-04 02:04:52,5,用户未及时做出评价，系统默认好评,16,56947,3,银卡会员,0,0
2936816,1443895443,2015-10-04 02:04:03,5,用户未及时做出评价，系统默认好评,16,56947,4,金卡会员,0,0
705617,1443809184,2015-10-03 02:06:24,5,用户未及时做出评价，系统默认好评,16,56947,2,普通会员,0,0
2926766,1443809182,2015-10-03 02:06:22,5,用户未及时做出评价，系统默认好评,16,56947,2,普通会员,0,0
8790879,1443809084,2015-10-03 02:04:44,5,用户未及时做出评价，系统默认好评,16,56947,2,普通会员,0,0
12898695,1443809079,2015-10-03 02:04:39,5,用户未及时做出评价，系统默认好评,16,56947,2,普通会员,0,0
15957685,1443809057,2015-10-03 02:04:17,5,用户未及时做出评价，系统默认好评,16,56947,2,普通会员,0,0
14789463,1443722680,2015-10-02 02:04:40,5,用户未及时做出评价，系统默认好评,16,56947,2,普通会员,0,0
11003591,1443722679,2015-10-02 02:04:39,5,用户未及时做出评价，系统默认好评,16,56947,2,普通会员,0,0
615549,1443636329,2015-10-01 02:05:29,5,用户未及时做出评价，系统默认好评,16,56947,2,普通会员,0,0
4440295,1443636311,2015-10-01 02:05:11,5,用户未及时做出评价，系统默认好评,16,56947,5,钻石会员,0,0
15910863,1443636267,2015-10-01 02:04:27,5,用户未及时做出评价，系统默认好评,16,56947,2,普通会员,0,0
3072096,1443549906,2015-09-30 02:05:06,5,用户未及时做出评价，系统默认好评,16,56947,2,普通会员,0,0
15883661,1443549847,2015-09-30 02:04:07,5,用户未及时做出评价，系统默认好评,16,56947,2,普通会员,0,0
12170353,1443463539,2015-09-29 02:05:39,5,用户未及时做出评价，系统默认好评,16,56947,3,银卡会员,0,0
15045297,1443463517,2015-09-29 02:05:17,5,用户未及时做出评价，系统默认好评,16,56947,2,普通会员,0,0
134591,1443290786,2015-09-27 02:06:26,5,用户未及时做出评价，系统默认好评,16,56947,2,普通会员,0,0
15818325,1443290777,2015-09-27 02:06:17,5,用户未及时做出评价，系统默认好评,16,56947,2,普通会员,0,0
5288121,1443290758,2015-09-27 02:05:58,5,用户未及时做出评价，系统默认好评,16,56947,2,普通会员,0,0
5591709,1443290749,2015-09-27 02:05:49,5,用户未及时做出评价，系统默认好评,16,56947,2,普通会员,0,0
14265338,1443290677,2015-09-27 02:04:37,5,用户未及时做出评价，系统默认好评,16,56947,3,银卡会员,0,0
12770323,1443204434,2015-09-26 02:07:14,5,用户未及时做出评价，系统默认好评,16,56947,2,普通会员,0,0
1176767,1443204410,2015-09-26 02:06:50,5,用户未及时做出评价，系统默认好评,16,56947,2,普通会员,0,0
9016541,1443204316,2015-09-26 02:05:16,5,用户未及时做出评价，系统默认好评,16,56947,2,普通会员,0,0
2927514,1443117962,2015-09-25 02:06:02,5,用户未及时做出评价，系统默认好评,16,56947,3,银卡会员,0,0
10517,1443117961,2015-09-25 02:06:01,5,用户未及时做出评价，系统默认好评,16,56947,2,普通会员,0,0
386111,1443117946,2015-09-25 02:05:46,5,用户未及时做出评价，系统默认好评,16,56947,2,普通会员,0,0
14885925,1443117896,2015-09-25 02:04:56,5,用户未及时做出评价，系统默认好评,16,56947,2,普通会员,0,0
14729591,1443031456,2015-09-24 02:04:16,5,用户未及时做出评价，系统默认好评,16,56947,3,银卡会员,0,0
15654279,1442945122,2015-09-23 02:05:22,5,用户未及时做出评价，系统默认好评,16,56947,2,普通会员,0,0
1729598,1442945122,2015-09-23 02:05:22,5,用户未及时做出评价，系统默认好评,16,56947,4,金卡会员,0,0
15034513,1442945115,2015-09-23 02:05:15,5,用户未及时做出评价，系统默认好评,16,56947,2,普通会员,0,0
9703667,1442945101,2015-09-23 02:05:01,5,用户未及时做出评价，系统默认好评,16,56947,2,普通会员,0,0
1458945,1442945041,2015-09-23 02:04:01,5,用户未及时做出评价，系统默认好评,16,56947,3,银卡会员,0,0
3031650,1442858713,2015-09-22 02:05:13,5,用户未及时做出评价，系统默认好评,16,56947,3,银卡会员,0,0
15627711,1442858700,2015-09-22 02:05:00,5,用户未及时做出评价，系统默认好评,16,56947,2,普通会员,0,0
8520769,1442772307,2015-09-21 02:05:07,5,用户未及时做出评价，系统默认好评,16,56947,2,普通会员,0,0
13580066,1442772259,2015-09-21 02:04:19,5,用户未及时做出评价，系统默认好评,16,56947,2,普通会员,0,0
1952472,1442772253,2015-09-21 02:04:13,5,用户未及时做出评价，系统默认好评,16,56947,3,银卡会员,0,0
406724,1442685979,2015-09-20 02:06:19,5,用户未及时做出评价，系统默认好评,16,56947,3,银卡会员,0,0
8697971,1442685882,2015-09-20 02:04:42,5,用户未及时做出评价，系统默认好评,16,56947,2,普通会员,0,0
1994604,1442599527,2015-09-19 02:05:27,5,用户未及时做出评价，系统默认好评,16,56947,3,银卡会员,0,0
15541655,1442599523,2015-09-19 02:05:23,5,用户未及时做出评价，系统默认好评,16,56947,2,普通会员,0,0
1188537,1442599451,2015-09-19 02:04:11,5,用户未及时做出评价，系统默认好评,16,56947,2,普通会员,0,0
4340240,1442513149,2015-09-18 02:05:49,5,用户未及时做出评价，系统默认好评,16,56947,3,银卡会员,0,0
1490428,1442513079,2015-09-18 02:04:39,5,用户未及时做出评价，系统默认好评,16,56947,3,银卡会员,0,0
14098886,1442513049,2015-09-18 02:04:09,5,用户未及时做出评价，系统默认好评,16,56947,2,普通会员,0,0
15194811,1442513045,2015-09-18 02:04:05,5,用户未及时做出评价，系统默认好评,16,56947,2,普通会员,0,0
13151427,1442513045,2015-09-18 02:04:05,5,用户未及时做出评价，系统默认好评,16,56947,2,普通会员,0,0
15504031,1442426763,2015-09-17 02:06:03,5,用户未及时做出评价，系统默认好评,16,56947,2,普通会员,0,0
8686071,1442426761,2015-09-17 02:06:01,5,用户未及时做出评价，系统默认好评,16,56947,2,普通会员,0,0
9058001,1442426760,2015-09-17 02:06:00,5,用户未及时做出评价，系统默认好评,16,56947,2,普通会员,0,0
15498521,1442426745,2015-09-17 02:05:45,5,用户未及时做出评价，系统默认好评,16,56947,2,普通会员,0,0
12737495,1442340318,2015-09-16 02:05:18,5,用户未及时做出评价，系统默认好评,16,56947,3,银卡会员,0,0
1005222,1442340301,2015-09-16 02:05:01,5,用户未及时做出评价，系统默认好评,16,56947,3,银卡会员,0,0
5357199,1442340261,2015-09-16 02:04:21,5,用户未及时做出评价，系统默认好评,16,56947,3,银卡会员,0,0
14636241,1442254001,2015-09-15 02:06:41,5,用户未及时做出评价，系统默认好评,16,56947,2,普通会员,0,0
9227895,1442253965,2015-09-15 02:06:05,5,用户未及时做出评价，系统默认好评,16,56947,2,普通会员,0,0
15423651,1442167565,2015-09-14 02:06:05,5,用户未及时做出评价，系统默认好评,16,56947,2,普通会员,0,0
15423847,1442167564,2015-09-14 02:06:04,5,用户未及时做出评价，系统默认好评,16,56947,2,普通会员,0,0
2585,1442167463,2015-09-14 02:04:23,5,用户未及时做出评价，系统默认好评,16,56947,3,银卡会员,0,0
15404749,1442081189,2015-09-13 02:06:29,5,用户未及时做出评价，系统默认好评,16,56947,2,普通会员,0,0
153825,1441994733,2015-09-12 02:05:33,5,用户未及时做出评价，系统默认好评,16,56947,3,银卡会员,0,0
9124565,1441908243,2015-09-11 02:04:03,5,用户未及时做出评价，系统默认好评,16,56947,3,银卡会员,0,0
5622273,1441821896,2015-09-10 02:04:56,5,用户未及时做出评价，系统默认好评,16,56947,3,银卡会员,0,0
15343281,1441735500,2015-09-09 02:05:00,5,用户未及时做出评价，系统默认好评,16,56947,3,银卡会员,0,0
14729591,1441735496,2015-09-09 02:04:56,5,用户未及时做出评价，系统默认好评,16,56947,3,银卡会员,0,0
1046190,1441735460,2015-09-09 02:04:20,5,用户未及时做出评价，系统默认好评,16,56947,3,银卡会员,0,0
2023756,1441562703,2015-09-07 02:05:03,5,用户未及时做出评价，系统默认好评,16,56947,3,银卡会员,0,0
3046498,1441389837,2015-09-05 02:03:57,5,用户未及时做出评价，系统默认好评,16,56947,2,普通会员,0,0
14843361,1441217039,2015-09-03 02:03:59,5,用户未及时做出评价，系统默认好评,16,56947,2,普通会员,0,0
1365259,1441044353,2015-09-01 02:05:53,5,用户未及时做出评价，系统默认好评,16,56947,2,普通会员,0,0
615037,1440957963,2015-08-31 02:06:03,5,用户未及时做出评价，系统默认好评,16,56947,3,银卡会员,0,0
15097957,1440957926,2015-08-31 02:05:26,5,用户未及时做出评价，系统默认好评,16,56947,2,普通会员,0,0
1100032,1440957918,2015-08-31 02:05:18,5,用户未及时做出评价，系统默认好评,16,56947,4,金卡会员,0,0
584133,1440957914,2015-08-31 02:05:14,5,用户未及时做出评价，系统默认好评,16,56947,5,钻石会员,0,0
12737495,1440871631,2015-08-30 02:07:11,5,用户未及时做出评价，系统默认好评,16,56947,3,银卡会员,0,0
15087445,1440871547,2015-08-30 02:05:47,5,用户未及时做出评价，系统默认好评,16,56947,2,普通会员,0,0
14944261,1440785234,2015-08-29 02:07:14,5,用户未及时做出评价，系统默认好评,16,56947,2,普通会员,0,0
121,1440785222,2015-08-29 02:07:02,5,用户未及时做出评价，系统默认好评,16,56947,2,普通会员,0,0
8487077,1440698700,2015-08-28 02:05:00,5,用户未及时做出评价，系统默认好评,16,56947,2,普通会员,0,0
15025163,1440698634,2015-08-28 02:03:54,5,用户未及时做出评价，系统默认好评,16,56947,2,普通会员,0,0
332233,1440612330,2015-08-27 02:05:30,5,用户未及时做出评价，系统默认好评,16,56947,3,银卡会员,0,0
14821511,1440525911,2015-08-26 02:05:11,5,用户未及时做出评价，系统默认好评,16,56947,2,普通会员,0,0
14993403,1440525865,2015-08-26 02:04:25,5,用户未及时做出评价，系统默认好评,16,56947,2,普通会员,0,0
519774,1440439499,2015-08-25 02:04:59,5,用户未及时做出评价，系统默认好评,16,56947,4,金卡会员,0,0
1732996,1440439457,2015-08-25 02:04:17,5,用户未及时做出评价，系统默认好评,16,56947,2,普通会员,0,0
4509617,1440353182,2015-08-24 02:06:22,5,用户未及时做出评价，系统默认好评,16,56947,2,普通会员,0,0
4568635,1440353051,2015-08-24 02:04:11,5,用户未及时做出评价，系统默认好评,16,56947,3,银卡会员,0,0
4385157,1440266745,2015-08-23 02:05:45,5,用户未及时做出评价，系统默认好评,16,56947,2,普通会员,0,0
14899677,1440180264,2015-08-22 02:04:24,5,用户未及时做出评价，系统默认好评,16,56947,2,普通会员,0,0
1134047,1440093918,2015-08-21 02:05:18,5,用户未及时做出评价，系统默认好评,16,56947,3,银卡会员,0,0
14892089,1440093901,2015-08-21 02:05:01,5,用户未及时做出评价，系统默认好评,16,56947,2,普通会员,0,0
14880909,1440093855,2015-08-21 02:04:15,5,用户未及时做出评价，系统默认好评,16,56947,2,普通会员,0,0
8626475,1440093853,2015-08-21 02:04:13,5,用户未及时做出评价，系统默认好评,16,56947,5,钻石会员,0,0
14879081,1440093849,2015-08-21 02:04:09,5,用户未及时做出评价，系统默认好评,16,56947,2,普通会员,0,0
14859583,1440093804,2015-08-21 02:03:24,5,用户未及时做出评价，系统默认好评,16,56947,2,普通会员,0,0
14834359,1439834679,2015-08-18 02:04:39,5,用户未及时做出评价，系统默认好评,16,56947,2,普通会员,0,0
9703667,1439834623,2015-08-18 02:03:43,5,用户未及时做出评价，系统默认好评,16,56947,2,普通会员,0,0
3127588,1439748313,2015-08-17 02:05:13,5,用户未及时做出评价，系统默认好评,16,56947,5,钻石会员,0,0
13819332,1439748303,2015-08-17 02:05:03,5,用户未及时做出评价，系统默认好评,16,56947,2,普通会员,0,0
3008778,1439748275,2015-08-17 02:04:35,5,用户未及时做出评价，系统默认好评,16,56947,2,普通会员,0,0
13710124,1439661903,2015-08-16 02:05:03,5,用户未及时做出评价，系统默认好评,16,56947,2,普通会员,0,0
5626727,1439661873,2015-08-16 02:04:33,5,用户未及时做出评价，系统默认好评,16,56947,3,银卡会员,0,0
9683727,1439575509,2015-08-15 02:05:09,5,用户未及时做出评价，系统默认好评,16,56947,2,普通会员,0,0
707203,1439575456,2015-08-15 02:04:16,5,用户未及时做出评价，系统默认好评,16,56947,2,普通会员,0,0
539650,1439489091,2015-08-14 02:04:51,5,用户未及时做出评价，系统默认好评,16,56947,2,普通会员,0,0
1065886,1439489053,2015-08-14 02:04:13,5,用户未及时做出评价，系统默认好评,16,56947,4,金卡会员,0,0
4805673,1439489034,2015-08-14 02:03:54,5,用户未及时做出评价，系统默认好评,16,56947,2,普通会员,0,0
4612137,1439316277,2015-08-12 02:04:37,5,用户未及时做出评价，系统默认好评,16,56947,3,银卡会员,0,0
5361407,1439316239,2015-08-12 02:03:59,5,用户未及时做出评价，系统默认好评,16,56947,3,银卡会员,0,0
1100032,1439316219,2015-08-12 02:03:39,5,用户未及时做出评价，系统默认好评,16,56947,4,金卡会员,0,0
14144394,1439229841,2015-08-11 02:04:01,5,用户未及时做出评价，系统默认好评,16,56947,2,普通会员,0,0
9831889,1439143526,2015-08-10 02:05:26,5,用户未及时做出评价，系统默认好评,16,56947,2,普通会员,0,0
248219,1439143522,2015-08-10 02:05:22,5,用户未及时做出评价，系统默认好评,16,56947,2,普通会员,0,0
1613126,1439143517,2015-08-10 02:05:17,5,用户未及时做出评价，系统默认好评,16,56947,3,银卡会员,0,0
1281589,1438970760,2015-08-08 02:06:00,5,用户未及时做出评价，系统默认好评,16,56947,3,银卡会员,0,0
14616065,1438884400,2015-08-07 02:06:40,5,用户未及时做出评价，系统默认好评,16,56947,2,普通会员,0,0
1434493,1438884387,2015-08-07 02:06:27,5,用户未及时做出评价，系统默认好评,16,56947,2,普通会员,0,0
12809449,1438884355,2015-08-07 02:05:55,5,用户未及时做出评价，系统默认好评,16,56947,2,普通会员,0,0
1795472,1438884338,2015-08-07 02:05:38,5,用户未及时做出评价，系统默认好评,16,56947,2,普通会员,0,0
3153182,1438711488,2015-08-05 02:04:48,5,用户未及时做出评价，系统默认好评,16,56947,3,银卡会员,0,0
614144,1438711454,2015-08-05 02:04:14,5,用户未及时做出评价，系统默认好评,16,56947,3,银卡会员,0,0
1982414,1438625198,2015-08-04 02:06:38,5,用户未及时做出评价，系统默认好评,16,56947,2,普通会员,0,0
120628,1438625198,2015-08-04 02:06:38,5,用户未及时做出评价，系统默认好评,16,56947,2,普通会员,0,0
8531065,1438625194,2015-08-04 02:06:34,5,用户未及时做出评价，系统默认好评,16,56947,3,银卡会员,0,0
14171612,1438625188,2015-08-04 02:06:28,5,用户未及时做出评价，系统默认好评,16,56947,2,普通会员,0,0
14268180,1438625168,2015-08-04 02:06:08,5,用户未及时做出评价，系统默认好评,16,56947,2,普通会员,0,0
9041271,1438625151,2015-08-04 02:05:51,5,用户未及时做出评价，系统默认好评,16,56947,2,普通会员,0,0
5061091,1438625151,2015-08-04 02:05:51,5,用户未及时做出评价，系统默认好评,16,56947,3,银卡会员,0,0
4972385,1438625112,2015-08-04 02:05:12,5,用户未及时做出评价，系统默认好评,16,56947,3,银卡会员,0,0
13654558,1438538689,2015-08-03 02:04:49,5,用户未及时做出评价，系统默认好评,16,56947,3,银卡会员,0,0
4478047,1438365932,2015-08-01 02:05:32,5,用户未及时做出评价，系统默认好评,16,56947,3,银卡会员,0,0
5346777,1438365884,2015-08-01 02:04:44,5,用户未及时做出评价，系统默认好评,16,56947,3,银卡会员,0,0
5307957,1438106750,2015-07-29 02:05:50,5,用户未及时做出评价，系统默认好评,16,56947,3,银卡会员,0,0
9261395,1438020433,2015-07-28 02:07:13,5,用户未及时做出评价，系统默认好评,16,56947,3,银卡会员,0,0
13779800,1437847648,2015-07-26 02:07:28,5,用户未及时做出评价，系统默认好评,16,56947,2,普通会员,0,0
8608677,1437847547,2015-07-26 02:05:47,5,用户未及时做出评价，系统默认好评,16,56947,3,银卡会员,0,0
1876994,1437501897,2015-07-22 02:04:57,5,用户未及时做出评价，系统默认好评,16,56947,5,钻石会员,0,0
350807,1437415524,2015-07-21 02:05:24,5,用户未及时做出评价，系统默认好评,16,56947,2,普通会员,0,0
707203,1437329137,2015-07-20 02:05:37,5,用户未及时做出评价，系统默认好评,16,56947,2,普通会员,0,0
2010860,1437156338,2015-07-18 02:05:38,5,用户未及时做出评价，系统默认好评,16,56947,5,钻石会员,0,0
9513177,1436465186,2015-07-10 02:06:26,5,用户未及时做出评价，系统默认好评,16,56947,2,普通会员,0,0
199706,1436465165,2015-07-10 02:06:05,5,用户未及时做出评价，系统默认好评,16,56947,2,普通会员,0,0
476368,1436378987,2015-07-09 02:09:47,5,用户未及时做出评价，系统默认好评,16,56947,2,普通会员,0,0
430455,1436378894,2015-07-09 02:08:14,5,用户未及时做出评价，系统默认好评,16,56947,3,银卡会员,0,0
4885543,1436378819,2015-07-09 02:06:59,5,用户未及时做出评价，系统默认好评,16,56947,3,银卡会员,0,0
119028,1436378807,2015-07-09 02:06:47,5,用户未及时做出评价，系统默认好评,16,56947,2,普通会员,0,0
5355375,1436378683,2015-07-09 02:04:43,5,用户未及时做出评价，系统默认好评,16,56947,2,普通会员,0,0
608715,1436292552,2015-07-08 02:09:12,5,用户未及时做出评价，系统默认好评,16,56947,3,银卡会员,0,0
13339052,1436292480,2015-07-08 02:08:00,5,用户未及时做出评价，系统默认好评,16,56947,2,普通会员,0,0
173117,1436292473,2015-07-08 02:07:53,5,用户未及时做出评价，系统默认好评,16,56947,2,普通会员,0,0
5608495,1436292438,2015-07-08 02:07:18,5,用户未及时做出评价，系统默认好评,16,56947,3,银卡会员,0,0
9219645,1436292426,2015-07-08 02:07:06,5,用户未及时做出评价，系统默认好评,16,56947,3,银卡会员,0,0
450045,1436206169,2015-07-07 02:09:29,5,用户未及时做出评价，系统默认好评,16,56947,3,银卡会员,0,0
466136,1436205879,2015-07-07 02:04:39,5,用户未及时做出评价，系统默认好评,16,56947,2,普通会员,0,0
12968183,1436119737,2015-07-06 02:08:57,5,用户未及时做出评价，系统默认好评,16,56947,2,普通会员,0,0
999996,1436119722,2015-07-06 02:08:42,5,用户未及时做出评价，系统默认好评,16,56947,5,钻石会员,0,0
13577140,1436119692,2015-07-06 02:08:12,5,用户未及时做出评价，系统默认好评,16,56947,2,普通会员,0,0
13687426,1436119686,2015-07-06 02:08:06,5,用户未及时做出评价，系统默认好评,16,56947,2,普通会员,0,0
606750,1436119682,2015-07-06 02:08:02,5,用户未及时做出评价，系统默认好评,16,56947,3,银卡会员,0,0
146245,1436033438,2015-07-05 02:10:38,5,用户未及时做出评价，系统默认好评,16,56947,4,金卡会员,0,0
13723314,1436033416,2015-07-05 02:10:16,5,用户未及时做出评价，系统默认好评,16,56947,2,普通会员,0,0
8903607,1436033406,2015-07-05 02:10:06,5,用户未及时做出评价，系统默认好评,16,56947,2,普通会员,0,0
1327504,1436033309,2015-07-05 02:08:29,5,用户未及时做出评价，系统默认好评,16,56947,3,银卡会员,0,0
5291987,1436033243,2015-07-05 02:07:23,5,用户未及时做出评价，系统默认好评,16,56947,3,银卡会员,0,0
4881535,1435947024,2015-07-04 02:10:24,5,用户未及时做出评价，系统默认好评,16,56947,2,普通会员,0,0
1181515,1435947001,2015-07-04 02:10:01,5,用户未及时做出评价，系统默认好评,16,56947,3,银卡会员,0,0
1145244,1435946982,2015-07-04 02:09:42,5,用户未及时做出评价，系统默认好评,16,56947,3,银卡会员,0,0
190978,1435946941,2015-07-04 02:09:01,5,用户未及时做出评价，系统默认好评,16,56947,3,银卡会员,0,0
356309,1435946907,2015-07-04 02:08:27,5,用户未及时做出评价，系统默认好评,16,56947,3,银卡会员,0,0
1547363,1435946894,2015-07-04 02:08:14,5,用户未及时做出评价，系统默认好评,16,56947,3,银卡会员,0,0
1134047,1435946878,2015-07-04 02:07:58,5,用户未及时做出评价，系统默认好评,16,56947,3,银卡会员,0,0
5430745,1435946840,2015-07-04 02:07:20,5,用户未及时做出评价，系统默认好评,16,56947,4,金卡会员,0,0
5430745,1435946797,2015-07-04 02:06:37,5,用户未及时做出评价，系统默认好评,16,56947,4,金卡会员,0,0
5548805,1435946786,2015-07-04 02:06:26,5,用户未及时做出评价，系统默认好评,16,56947,4,金卡会员,0,0
5228037,1435946783,2015-07-04 02:06:23,5,用户未及时做出评价，系统默认好评,16,56947,3,银卡会员,0,0
13451444,1435860577,2015-07-03 02:09:37,5,用户未及时做出评价，系统默认好评,16,56947,2,普通会员,0,0
13422086,1435860481,2015-07-03 02:08:01,5,用户未及时做出评价，系统默认好评,16,56947,2,普通会员,0,0
5232689,1435860437,2015-07-03 02:07:17,5,用户未及时做出评价，系统默认好评,16,56947,2,普通会员,0,0
243329,1435774101,2015-07-02 02:08:21,5,用户未及时做出评价，系统默认好评,16,56947,3,银卡会员,0,0
4502705,1435774017,2015-07-02 02:06:57,5,用户未及时做出评价，系统默认好评,16,56947,2,普通会员,0,0
600378,1435687651,2015-07-01 02:07:31,5,用户未及时做出评价，系统默认好评,16,56947,3,银卡会员,0,0
13306998,1435687605,2015-07-01 02:06:45,5,用户未及时做出评价，系统默认好评,16,56947,2,普通会员,0,0
1313628,1435687571,2015-07-01 02:06:11,5,用户未及时做出评价，系统默认好评,16,56947,2,普通会员,0,0
10522751,1435687565,2015-07-01 02:06:05,5,用户未及时做出评价，系统默认好评,16,56947,2,普通会员,0,0
8539841,1435687541,2015-07-01 02:05:41,5,用户未及时做出评价，系统默认好评,16,56947,2,普通会员,0,0
9812897,1435687521,2015-07-01 02:05:21,5,用户未及时做出评价，系统默认好评,16,56947,2,普通会员,0,0
424893,1435687512,2015-07-01 02:05:12,5,用户未及时做出评价，系统默认好评,16,56947,2,普通会员,0,0
13524740,1435687499,2015-07-01 02:04:59,5,用户未及时做出评价，系统默认好评,16,56947,2,普通会员,0,0
3016816,1435601256,2015-06-30 02:07:36,5,用户未及时做出评价，系统默认好评,16,56947,3,银卡会员,0,0
4992099,1435601213,2015-06-30 02:06:53,5,用户未及时做出评价，系统默认好评,16,56947,2,普通会员,0,0
13547774,1435601203,2015-06-30 02:06:43,5,用户未及时做出评价，系统默认好评,16,56947,2,普通会员,0,0
7361949,1435601164,2015-06-30 02:06:04,5,用户未及时做出评价，系统默认好评,16,56947,2,普通会员,0,0
1490569,1435514884,2015-06-29 02:08:04,5,用户未及时做出评价，系统默认好评,16,56947,2,普通会员,0,0
999996,1435514843,2015-06-29 02:07:23,5,用户未及时做出评价，系统默认好评,16,56947,5,钻石会员,0,0
13495904,1435514828,2015-06-29 02:07:08,5,用户未及时做出评价，系统默认好评,16,56947,2,普通会员,0,0
8894641,1435514741,2015-06-29 02:05:41,5,用户未及时做出评价，系统默认好评,16,56947,3,银卡会员,0,0
426075,1435428574,2015-06-28 02:09:34,5,用户未及时做出评价，系统默认好评,16,56947,2,普通会员,0,0
13487574,1435428547,2015-06-28 02:09:07,5,用户未及时做出评价，系统默认好评,16,56947,2,普通会员,0,0
888642,1435428522,2015-06-28 02:08:42,5,用户未及时做出评价，系统默认好评,16,56947,3,银卡会员,0,0
13469648,1435428478,2015-06-28 02:07:58,5,用户未及时做出评价，系统默认好评,16,56947,2,普通会员,0,0
13347928,1435428444,2015-06-28 02:07:24,5,用户未及时做出评价，系统默认好评,16,56947,2,普通会员,0,0
13451444,1435428393,2015-06-28 02:06:33,5,用户未及时做出评价，系统默认好评,16,56947,2,普通会员,0,0
3262976,1435428387,2015-06-28 02:06:27,5,用户未及时做出评价，系统默认好评,16,56947,3,银卡会员,0,0
13445692,1435428368,2015-06-28 02:06:08,5,用户未及时做出评价，系统默认好评,16,56947,2,普通会员,0,0
54484,1435342136,2015-06-27 02:08:56,5,用户未及时做出评价，系统默认好评,16,56947,3,银卡会员,0,0
706168,1435342077,2015-06-27 02:07:57,5,用户未及时做出评价，系统默认好评,16,56947,2,普通会员,0,0
11123935,1435342076,2015-06-27 02:07:56,5,用户未及时做出评价，系统默认好评,16,56947,2,普通会员,0,0
5107757,1435342047,2015-06-27 02:07:27,5,用户未及时做出评价，系统默认好评,16,56947,3,银卡会员,0,0
5310671,1435342019,2015-06-27 02:06:59,5,用户未及时做出评价，系统默认好评,16,56947,2,普通会员,0,0
767749,1435341994,2015-06-27 02:06:34,5,用户未及时做出评价，系统默认好评,16,56947,2,普通会员,0,0
5548805,1435341985,2015-06-27 02:06:25,5,用户未及时做出评价，系统默认好评,16,56947,4,金卡会员,0,0
5002225,1435341981,2015-06-27 02:06:21,5,用户未及时做出评价，系统默认好评,16,56947,2,普通会员,0,0
13421114,1435341947,2015-06-27 02:05:47,5,用户未及时做出评价，系统默认好评,16,56947,2,普通会员,0,0
5626727,1435255756,2015-06-26 02:09:16,5,用户未及时做出评价，系统默认好评,16,56947,3,银卡会员,0,0
9143053,1435255738,2015-06-26 02:08:58,5,用户未及时做出评价，系统默认好评,16,56947,2,普通会员,0,0
9452495,1435255681,2015-06-26 02:08:01,5,用户未及时做出评价，系统默认好评,16,56947,2,普通会员,0,0
839682,1435255596,2015-06-26 02:06:36,5,用户未及时做出评价，系统默认好评,16,56947,3,银卡会员,0,0
8823613,1435255593,2015-06-26 02:06:33,5,用户未及时做出评价，系统默认好评,16,56947,2,普通会员,0,0
908570,1435169125,2015-06-25 02:05:25,5,用户未及时做出评价，系统默认好评,16,56947,4,金卡会员,0,0
13356886,1435169092,2015-06-25 02:04:52,5,用户未及时做出评价，系统默认好评,16,56947,2,普通会员,0,0
5430745,1435082744,2015-06-24 02:05:44,5,用户未及时做出评价，系统默认好评,16,56947,4,金卡会员,0,0
2010860,1435082712,2015-06-24 02:05:12,5,用户未及时做出评价，系统默认好评,16,56947,5,钻石会员,0,0
3119882,1435082679,2015-06-24 02:04:39,5,用户未及时做出评价，系统默认好评,16,56947,2,普通会员,0,0
843860,1434996355,2015-06-23 02:05:55,5,用户未及时做出评价，系统默认好评,16,56947,3,银卡会员,0,0
13260466,1434996337,2015-06-23 02:05:37,5,用户未及时做出评价，系统默认好评,16,56947,2,普通会员,0,0
4760847,1434996260,2015-06-23 02:04:20,5,用户未及时做出评价，系统默认好评,16,56947,2,普通会员,0,0
13022093,1434996245,2015-06-23 02:04:05,5,用户未及时做出评价，系统默认好评,16,56947,2,普通会员,0,0
3039890,1434910001,2015-06-22 02:06:41,5,用户未及时做出评价，系统默认好评,16,56947,3,银卡会员,0,0
600685,1434909999,2015-06-22 02:06:39,5,用户未及时做出评价，系统默认好评,16,56947,2,普通会员,0,0
1490569,1434909961,2015-06-22 02:06:01,5,用户未及时做出评价，系统默认好评,16,56947,2,普通会员,0,0
13243284,1434909925,2015-06-22 02:05:25,5,用户未及时做出评价，系统默认好评,16,56947,2,普通会员,0,0
1190796,1434909884,2015-06-22 02:04:44,5,用户未及时做出评价，系统默认好评,16,56947,2,普通会员,0,0
4763381,1434909880,2015-06-22 02:04:40,5,用户未及时做出评价，系统默认好评,16,56947,2,普通会员,0,0
1744652,1434823591,2015-06-21 02:06:31,5,用户未及时做出评价，系统默认好评,16,56947,2,普通会员,0,0
9261395,1434823583,2015-06-21 02:06:23,5,用户未及时做出评价，系统默认好评,16,56947,3,银卡会员,0,0
13038395,1434737063,2015-06-20 02:04:23,5,用户未及时做出评价，系统默认好评,16,56947,2,普通会员,0,0
5548805,1434737009,2015-06-20 02:03:29,5,用户未及时做出评价，系统默认好评,16,56947,4,金卡会员,0,0
13143149,1434650793,2015-06-19 02:06:33,5,用户未及时做出评价，系统默认好评,16,56947,2,普通会员,0,0
1191328,1434650746,2015-06-19 02:05:46,5,用户未及时做出评价，系统默认好评,16,56947,2,普通会员,0,0
1055850,1434650727,2015-06-19 02:05:27,5,用户未及时做出评价，系统默认好评,16,56947,2,普通会员,0,0
13008127,1434564364,2015-06-18 02:06:04,5,用户未及时做出评价，系统默认好评,16,56947,2,普通会员,0,0
6424461,1434564289,2015-06-18 02:04:49,5,用户未及时做出评价，系统默认好评,16,56947,3,银卡会员,0,0
1458945,1434564255,2015-06-18 02:04:15,5,用户未及时做出评价，系统默认好评,16,56947,3,银卡会员,0,0
5218605,1434477876,2015-06-17 02:04:36,5,用户未及时做出评价，系统默认好评,16,56947,4,金卡会员,0,0
1075128,1434391452,2015-06-16 02:04:12,5,用户未及时做出评价，系统默认好评,16,56947,2,普通会员,0,0
5247733,1434391431,2015-06-16 02:03:51,5,用户未及时做出评价，系统默认好评,16,56947,2,普通会员,0,0
5378451,1434218710,2015-06-14 02:05:10,5,用户未及时做出评价，系统默认好评,16,56947,2,普通会员,0,0
5151913,1434218634,2015-06-14 02:03:54,5,用户未及时做出评价，系统默认好评,16,56947,2,普通会员,0,0
1876994,1434218582,2015-06-14 02:03:02,5,用户未及时做出评价，系统默认好评,16,56947,5,钻石会员,0,0
7272833,1434132290,2015-06-13 02:04:50,5,用户未及时做出评价，系统默认好评,16,56947,3,银卡会员,0,0
5153405,1434132231,2015-06-13 02:03:51,5,用户未及时做出评价，系统默认好评,16,56947,2,普通会员,0,0
999996,1434132183,2015-06-13 02:03:03,5,用户未及时做出评价，系统默认好评,16,56947,5,钻石会员,0,0
5430745,1434045856,2015-06-12 02:04:16,5,用户未及时做出评价，系统默认好评,16,56947,4,金卡会员,0,0
9149203,1434045817,2015-06-12 02:03:37,5,用户未及时做出评价，系统默认好评,16,56947,2,普通会员,0,0
8864355,1434045790,2015-06-12 02:03:10,5,用户未及时做出评价，系统默认好评,16,56947,2,普通会员,0,0
9020145,1433959448,2015-06-11 02:04:08,5,用户未及时做出评价，系统默认好评,16,56947,2,普通会员,0,0
12764207,1433959437,2015-06-11 02:03:57,5,用户未及时做出评价，系统默认好评,16,56947,2,普通会员,0,0
3088210,1433786572,2015-06-09 02:02:52,5,用户未及时做出评价，系统默认好评,16,56947,2,普通会员,0,0
478229,1433700280,2015-06-08 02:04:40,5,用户未及时做出评价，系统默认好评,16,56947,2,普通会员,0,0
4109970,1433700256,2015-06-08 02:04:16,5,用户未及时做出评价，系统默认好评,16,56947,2,普通会员,0,0
8487077,1433700212,2015-06-08 02:03:32,5,用户未及时做出评价，系统默认好评,16,56947,2,普通会员,0,0
2903106,1433613888,2015-06-07 02:04:48,5,用户未及时做出评价，系统默认好评,16,56947,2,普通会员,0,0
12630473,1433527447,2015-06-06 02:04:07,5,用户未及时做出评价，系统默认好评,16,56947,2,普通会员,0,0
12632507,1433441250,2015-06-05 02:07:30,5,用户未及时做出评价，系统默认好评,16,56947,2,普通会员,0,0
8853953,1433441241,2015-06-05 02:07:21,5,用户未及时做出评价，系统默认好评,16,56947,2,普通会员,0,0
968423,1433441200,2015-06-05 02:06:40,5,用户未及时做出评价，系统默认好评,16,56947,3,银卡会员,0,0
5306631,1433441080,2015-06-05 02:04:40,5,用户未及时做出评价，系统默认好评,16,56947,3,银卡会员,0,0
5243121,1433441008,2015-06-05 02:03:28,5,用户未及时做出评价，系统默认好评,16,56947,2,普通会员,0,0
9513177,1433268190,2015-06-03 02:03:10,5,用户未及时做出评价，系统默认好评,16,56947,2,普通会员,0,0
9292913,1433181826,2015-06-02 02:03:46,5,用户未及时做出评价，系统默认好评,16,56947,2,普通会员,0,0
9045785,1433181824,2015-06-02 02:03:44,5,用户未及时做出评价，系统默认好评,16,56947,2,普通会员,0,0
8048065,1433181819,2015-06-02 02:03:39,5,用户未及时做出评价，系统默认好评,16,56947,3,银卡会员,0,0
12505207,1433181816,2015-06-02 02:03:36,5,用户未及时做出评价，系统默认好评,16,56947,2,普通会员,0,0
509589,1433095388,2015-06-01 02:03:08,5,用户未及时做出评价，系统默认好评,16,56947,2,普通会员,0,0
4218,1433008995,2015-05-31 02:03:15,5,用户未及时做出评价，系统默认好评,16,56947,2,普通会员,0,0
1162639,1433008980,2015-05-31 02:03:00,5,用户未及时做出评价，系统默认好评,16,56947,3,银卡会员,0,0
9087397,1432922641,2015-05-30 02:04:01,5,用户未及时做出评价，系统默认好评,16,56947,2,普通会员,0,0
9844107,1432836208,2015-05-29 02:03:28,5,用户未及时做出评价，系统默认好评,16,56947,2,普通会员,0,0
4687843,1432836200,2015-05-29 02:03:20,5,用户未及时做出评价，系统默认好评,16,56947,4,金卡会员,0,0
9589297,1432836187,2015-05-29 02:03:07,5,用户未及时做出评价，系统默认好评,16,56947,3,银卡会员,0,0
1555323,1432749832,2015-05-28 02:03:52,5,用户未及时做出评价，系统默认好评,16,56947,4,金卡会员,0,0
3490280,1432749801,2015-05-28 02:03:21,5,用户未及时做出评价，系统默认好评,16,56947,4,金卡会员,0,0
9335649,1432749799,2015-05-28 02:03:19,5,用户未及时做出评价，系统默认好评,16,56947,2,普通会员,0,0
8831307,1432749792,2015-05-28 02:03:12,5,用户未及时做出评价，系统默认好评,16,56947,3,银卡会员,0,0
1891542,1432663436,2015-05-27 02:03:56,5,用户未及时做出评价，系统默认好评,16,56947,4,金卡会员,0,0
456979,1432663428,2015-05-27 02:03:48,5,用户未及时做出评价，系统默认好评,16,56947,2,普通会员,0,0
3026298,1432577048,2015-05-26 02:04:08,5,用户未及时做出评价，系统默认好评,16,56947,3,银卡会员,0,0
9513837,1432490601,2015-05-25 02:03:21,5,用户未及时做出评价，系统默认好评,16,56947,2,普通会员,0,0
9124475,1432490595,2015-05-25 02:03:15,5,用户未及时做出评价，系统默认好评,16,56947,2,普通会员,0,0
4652441,1432404246,2015-05-24 02:04:06,5,用户未及时做出评价，系统默认好评,16,56947,3,银卡会员,0,0
9688137,1432404245,2015-05-24 02:04:05,5,用户未及时做出评价，系统默认好评,16,56947,2,普通会员,0,0
9677841,1432404236,2015-05-24 02:03:56,5,用户未及时做出评价，系统默认好评,16,56947,2,普通会员,0,0
430908,1432317867,2015-05-23 02:04:27,5,用户未及时做出评价，系统默认好评,16,56947,2,普通会员,0,0
386111,1432317831,2015-05-23 02:03:51,5,用户未及时做出评价，系统默认好评,16,56947,2,普通会员,0,0
9621807,1432317819,2015-05-23 02:03:39,5,用户未及时做出评价，系统默认好评,16,56947,2,普通会员,0,0
4831639,1432317802,2015-05-23 02:03:22,5,用户未及时做出评价，系统默认好评,16,56947,2,普通会员,0,0
9612587,1432317792,2015-05-23 02:03:12,5,用户未及时做出评价，系统默认好评,16,56947,2,普通会员,0,0
5346777,1432317779,2015-05-23 02:02:59,5,用户未及时做出评价，系统默认好评,16,56947,3,银卡会员,0,0
9384411,1432145021,2015-05-21 02:03:41,5,用户未及时做出评价，系统默认好评,16,56947,2,普通会员,0,0
8497173,1431972191,2015-05-19 02:03:11,5,用户未及时做出评价，系统默认好评,16,56947,3,银卡会员,0,0
1814220,1431972169,2015-05-19 02:02:49,5,用户未及时做出评价，系统默认好评,16,56947,2,普通会员,0,0
4475509,1431540201,2015-05-14 02:03:21,5,用户未及时做出评价，系统默认好评,16,56947,2,普通会员,0,0
8566887,1431194618,2015-05-10 02:03:38,5,用户未及时做出评价，系统默认好评,16,56947,2,普通会员,0,0
574209,1431194571,2015-05-10 02:02:51,5,用户未及时做出评价，系统默认好评,16,56947,2,普通会员,0,0
573071,1431021799,2015-05-08 02:03:19,5,用户未及时做出评价，系统默认好评,16,56947,2,普通会员,0,0
4550181,1431021792,2015-05-08 02:03:12,5,用户未及时做出评价，系统默认好评,16,56947,3,银卡会员,0,0
8637875,1430935372,2015-05-07 02:02:52,5,用户未及时做出评价，系统默认好评,16,56947,2,普通会员,0,0
4907183,1430848974,2015-05-06 02:02:54,5,用户未及时做出评价，系统默认好评,16,56947,3,银卡会员,0,0
1604309,1430848971,2015-05-06 02:02:51,5,用户未及时做出评价，系统默认好评,16,56947,3,银卡会员,0,0
393781,1430589809,2015-05-03 02:03:29,5,用户未及时做出评价，系统默认好评,16,56947,2,普通会员,0,0
4464829,1430589806,2015-05-03 02:03:26,5,用户未及时做出评价，系统默认好评,16,56947,2,普通会员,0,0
1547363,1430589804,2015-05-03 02:03:24,5,用户未及时做出评价，系统默认好评,16,56947,3,银卡会员,0,0
9190299,1430503375,2015-05-02 02:02:55,5,用户未及时做出评价，系统默认好评,16,56947,2,普通会员,0,0
4374273,1430417090,2015-05-01 02:04:50,5,用户未及时做出评价，系统默认好评,16,56947,2,普通会员,0,0
1535699,1430416968,2015-05-01 02:02:48,5,用户未及时做出评价，系统默认好评,16,56947,3,银卡会员,0,0
9182065,1430330683,2015-04-30 02:04:43,5,用户未及时做出评价，系统默认好评,16,56947,2,普通会员,0,0
595658,1430244152,2015-04-29 02:02:32,5,用户未及时做出评价，系统默认好评,16,56947,2,普通会员,0,0
4109970,1430244142,2015-04-29 02:02:22,5,用户未及时做出评价，系统默认好评,16,56947,2,普通会员,0,0
766499,1430244116,2015-04-29 02:01:56,5,用户未及时做出评价，系统默认好评,16,56947,3,银卡会员,0,0
18787,1430157782,2015-04-28 02:03:02,5,用户未及时做出评价，系统默认好评,16,56947,2,普通会员,0,0
616449,1430157706,2015-04-28 02:01:46,5,用户未及时做出评价，系统默认好评,16,56947,3,银卡会员,0,0
5515551,1430071325,2015-04-27 02:02:05,5,用户未及时做出评价，系统默认好评,16,56947,2,普通会员,0,0
9146337,1430071319,2015-04-27 02:01:59,5,用户未及时做出评价，系统默认好评,16,56947,2,普通会员,0,0
5405997,1429984954,2015-04-26 02:02:34,5,用户未及时做出评价，系统默认好评,16,56947,2,普通会员,0,0
8269433,1429984953,2015-04-26 02:02:33,5,用户未及时做出评价，系统默认好评,16,56947,3,银卡会员,0,0
239390,1429984932,2015-04-26 02:02:12,5,用户未及时做出评价，系统默认好评,16,56947,3,银卡会员,0,0
620471,1429898556,2015-04-25 02:02:36,5,用户未及时做出评价，系统默认好评,16,56947,3,银卡会员,0,0
4355982,1429898531,2015-04-25 02:02:11,5,用户未及时做出评价，系统默认好评,16,56947,2,普通会员,0,0
180003,1429898525,2015-04-25 02:02:05,5,用户未及时做出评价，系统默认好评,16,56947,2,普通会员,0,0
176443,1429812188,2015-04-24 02:03:08,5,用户未及时做出评价，系统默认好评,16,56947,3,银卡会员,0,0
587676,1429812158,2015-04-24 02:02:38,5,用户未及时做出评价，系统默认好评,16,56947,2,普通会员,0,0
1765888,1429812152,2015-04-24 02:02:32,5,用户未及时做出评价，系统默认好评,16,56947,2,普通会员,0,0
9129793,1429812116,2015-04-24 02:01:56,5,用户未及时做出评价，系统默认好评,16,56947,2,普通会员,0,0
8579013,1429725779,2015-04-23 02:02:59,5,用户未及时做出评价，系统默认好评,16,56947,2,普通会员,0,0
1872518,1429725741,2015-04-23 02:02:21,5,用户未及时做出评价，系统默认好评,16,56947,2,普通会员,0,0
5361407,1429725737,2015-04-23 02:02:17,5,用户未及时做出评价，系统默认好评,16,56947,3,银卡会员,0,0
9116465,1429725720,2015-04-23 02:02:00,5,用户未及时做出评价，系统默认好评,16,56947,2,普通会员,0,0
511629,1429639359,2015-04-22 02:02:39,5,用户未及时做出评价，系统默认好评,16,56947,2,普通会员,0,0
9110041,1429639344,2015-04-22 02:02:24,5,用户未及时做出评价，系统默认好评,16,56947,2,普通会员,0,0
9105253,1429639333,2015-04-22 02:02:13,5,用户未及时做出评价，系统默认好评,16,56947,2,普通会员,0,0
3008778,1429639323,2015-04-22 02:02:03,5,用户未及时做出评价，系统默认好评,16,56947,2,普通会员,0,0
4612137,1429552965,2015-04-21 02:02:45,5,用户未及时做出评价，系统默认好评,16,56947,3,银卡会员,0,0
9107531,1429552949,2015-04-21 02:02:29,5,用户未及时做出评价，系统默认好评,16,56947,2,普通会员,0,0
1334674,1429552946,2015-04-21 02:02:26,5,用户未及时做出评价，系统默认好评,16,56947,2,普通会员,0,0
8811967,1429552927,2015-04-21 02:02:07,5,用户未及时做出评价，系统默认好评,16,56947,2,普通会员,0,0
1196504,1429552917,2015-04-21 02:01:57,5,用户未及时做出评价，系统默认好评,16,56947,3,银卡会员,0,0
404105,1429466607,2015-04-20 02:03:27,5,用户未及时做出评价，系统默认好评,16,56947,4,金卡会员,0,0
9109925,1429466606,2015-04-20 02:03:26,5,用户未及时做出评价，系统默认好评,16,56947,2,普通会员,0,0
693128,1429466589,2015-04-20 02:03:09,5,用户未及时做出评价，系统默认好评,16,56947,2,普通会员,0,0
5186069,1429466589,2015-04-20 02:03:09,5,用户未及时做出评价，系统默认好评,16,56947,2,普通会员,0,0
673839,1429466545,2015-04-20 02:02:25,5,用户未及时做出评价，系统默认好评,16,56947,2,普通会员,0,0
335402,1429466516,2015-04-20 02:01:56,5,用户未及时做出评价，系统默认好评,16,56947,2,普通会员,0,0
766499,1429380174,2015-04-19 02:02:54,5,用户未及时做出评价，系统默认好评,16,56947,3,银卡会员,0,0
4767699,1429293773,2015-04-18 02:02:53,5,用户未及时做出评价，系统默认好评,16,56947,2,普通会员,0,0
9077317,1429293751,2015-04-18 02:02:31,5,用户未及时做出评价，系统默认好评,16,56947,2,普通会员,0,0
490371,1429207385,2015-04-17 02:03:05,5,用户未及时做出评价，系统默认好评,16,56947,4,金卡会员,0,0
5439637,1429207374,2015-04-17 02:02:54,5,用户未及时做出评价，系统默认好评,16,56947,2,普通会员,0,0
1155202,1429207334,2015-04-17 02:02:14,5,用户未及时做出评价，系统默认好评,16,56947,2,普通会员,0,0
8548383,1429207326,2015-04-17 02:02:06,5,用户未及时做出评价，系统默认好评,16,56947,3,银卡会员,0,0
8586429,1429207317,2015-04-17 02:01:57,5,用户未及时做出评价，系统默认好评,16,56947,2,普通会员,0,0
8733033,1429120934,2015-04-16 02:02:14,5,用户未及时做出评价，系统默认好评,16,56947,2,普通会员,0,0
8531803,1429120922,2015-04-16 02:02:02,5,用户未及时做出评价，系统默认好评,16,56947,3,银卡会员,0,0
8739999,1429120906,2015-04-16 02:01:46,5,用户未及时做出评价，系统默认好评,16,56947,2,普通会员,0,0
9027761,1429034526,2015-04-15 02:02:06,5,用户未及时做出评价，系统默认好评,16,56947,2,普通会员,0,0
1079319,1429034523,2015-04-15 02:02:03,5,用户未及时做出评价，系统默认好评,16,56947,2,普通会员,0,0
4474319,1428948131,2015-04-14 02:02:11,5,用户未及时做出评价，系统默认好评,16,56947,2,普通会员,0,0
8790583,1428948093,2015-04-14 02:01:33,5,用户未及时做出评价，系统默认好评,16,56947,2,普通会员,0,0
688151,1428948091,2015-04-14 02:01:31,5,用户未及时做出评价，系统默认好评,16,56947,2,普通会员,0,0
9022575,1428861715,2015-04-13 02:01:55,5,用户未及时做出评价，系统默认好评,16,56947,2,普通会员,0,0
5431561,1428861708,2015-04-13 02:01:48,5,用户未及时做出评价，系统默认好评,16,56947,2,普通会员,0,0
8894641,1428861697,2015-04-13 02:01:37,5,用户未及时做出评价，系统默认好评,16,56947,3,银卡会员,0,0
8764663,1428861690,2015-04-13 02:01:30,5,用户未及时做出评价，系统默认好评,16,56947,2,普通会员,0,0
3149022,1428775324,2015-04-12 02:02:04,5,用户未及时做出评价，系统默认好评,16,56947,3,银卡会员,0,0
9017927,1428775322,2015-04-12 02:02:02,5,用户未及时做出评价，系统默认好评,16,56947,2,普通会员,0,0
597986,1428775315,2015-04-12 02:01:55,5,用户未及时做出评价，系统默认好评,16,56947,3,银卡会员,0,0
5148675,1428775311,2015-04-12 02:01:51,5,用户未及时做出评价，系统默认好评,16,56947,4,金卡会员,0,0
3032340,1428775299,2015-04-12 02:01:39,5,用户未及时做出评价，系统默认好评,16,56947,2,普通会员,0,0
9011691,1428688953,2015-04-11 02:02:33,5,用户未及时做出评价，系统默认好评,16,56947,2,普通会员,0,0
5515551,1428688928,2015-04-11 02:02:08,5,用户未及时做出评价，系统默认好评,16,56947,2,普通会员,0,0
8998633,1428688906,2015-04-11 02:01:46,5,用户未及时做出评价，系统默认好评,16,56947,2,普通会员,0,0
5603897,1428602530,2015-04-10 02:02:10,5,用户未及时做出评价，系统默认好评,16,56947,2,普通会员,0,0
8432899,1428602528,2015-04-10 02:02:08,5,用户未及时做出评价，系统默认好评,16,56947,2,普通会员,0,0
8838001,1428516156,2015-04-09 02:02:36,5,用户未及时做出评价，系统默认好评,16,56947,5,钻石会员,0,0
5301537,1428516145,2015-04-09 02:02:25,5,用户未及时做出评价，系统默认好评,16,56947,3,银卡会员,0,0
835512,1428516141,2015-04-09 02:02:21,5,用户未及时做出评价，系统默认好评,16,56947,4,金卡会员,0,0
639534,1428516140,2015-04-09 02:02:20,5,用户未及时做出评价，系统默认好评,16,56947,2,普通会员,0,0
1862442,1428429761,2015-04-08 02:02:41,5,用户未及时做出评价，系统默认好评,16,56947,2,普通会员,0,0
5247733,1428429748,2015-04-08 02:02:28,5,用户未及时做出评价，系统默认好评,16,56947,2,普通会员,0,0
643140,1428429738,2015-04-08 02:02:18,5,用户未及时做出评价，系统默认好评,16,56947,2,普通会员,0,0
491338,1428429735,2015-04-08 02:02:15,5,用户未及时做出评价，系统默认好评,16,56947,3,银卡会员,0,0
661441,1428429734,2015-04-08 02:02:14,5,用户未及时做出评价，系统默认好评,16,56947,4,金卡会员,0,0
787145,1428429732,2015-04-08 02:02:12,5,用户未及时做出评价，系统默认好评,16,56947,3,银卡会员,0,0
8823613,1428429731,2015-04-08 02:02:11,5,用户未及时做出评价，系统默认好评,16,56947,2,普通会员,0,0
8543013,1428429723,2015-04-08 02:02:03,5,用户未及时做出评价，系统默认好评,16,56947,2,普通会员,0,0
1063339,1428429715,2015-04-08 02:01:55,5,用户未及时做出评价，系统默认好评,16,56947,2,普通会员,0,0
1041487,1428429706,2015-04-08 02:01:46,5,用户未及时做出评价，系统默认好评,16,56947,3,银卡会员,0,0
217611,1428343360,2015-04-07 02:02:40,5,用户未及时做出评价，系统默认好评,16,56947,2,普通会员,0,0
887349,1428343346,2015-04-07 02:02:26,5,用户未及时做出评价，系统默认好评,16,56947,3,银卡会员,0,0
3171116,1428343346,2015-04-07 02:02:26,5,用户未及时做出评价，系统默认好评,16,56947,3,银卡会员,0,0
979259,1428343320,2015-04-07 02:02:00,5,用户未及时做出评价，系统默认好评,16,56947,4,金卡会员,0,0
883073,1428343314,2015-04-07 02:01:54,5,用户未及时做出评价，系统默认好评,16,56947,2,普通会员,0,0
4810617,1428256969,2015-04-06 02:02:49,5,用户未及时做出评价，系统默认好评,16,56947,2,普通会员,0,0
4763461,1428256922,2015-04-06 02:02:02,5,用户未及时做出评价，系统默认好评,16,56947,3,银卡会员,0,0
4566243,1428256901,2015-04-06 02:01:41,5,用户未及时做出评价，系统默认好评,16,56947,2,普通会员,0,0
8893865,1428084097,2015-04-04 02:01:37,5,用户未及时做出评价，系统默认好评,16,56947,2,普通会员,0,0
8648543,1427911314,2015-04-02 02:01:54,5,用户未及时做出评价，系统默认好评,16,56947,2,普通会员,0,0
50608,1427911313,2015-04-02 02:01:53,5,用户未及时做出评价，系统默认好评,16,56947,3,银卡会员,0,0
3189730,1427911308,2015-04-02 02:01:48,5,用户未及时做出评价，系统默认好评,16,56947,2,普通会员,0,0
8513209,1427824907,2015-04-01 02:01:47,5,用户未及时做出评价，系统默认好评,16,56947,2,普通会员,0,0
196496,1427652124,2015-03-30 02:02:04,5,用户未及时做出评价，系统默认好评,16,56947,2,普通会员,0,0
226132,1427565721,2015-03-29 02:02:01,5,用户未及时做出评价，系统默认好评,16,56947,3,银卡会员,0,0
5578439,1427565711,2015-03-29 02:01:51,5,用户未及时做出评价，系统默认好评,16,56947,2,普通会员,0,0
4845607,1427479383,2015-03-28 02:03:03,5,用户未及时做出评价，系统默认好评,16,56947,4,金卡会员,0,0
1857766,1427479339,2015-03-28 02:02:19,5,用户未及时做出评价，系统默认好评,16,56947,2,普通会员,0,0
8699037,1427393113,2015-03-27 02:05:13,5,用户未及时做出评价，系统默认好评,16,56947,2,普通会员,0,0
8573883,1427392995,2015-03-27 02:03:15,5,用户未及时做出评价，系统默认好评,16,56947,2,普通会员,0,0
8836747,1427306805,2015-03-26 02:06:45,5,用户未及时做出评价，系统默认好评,16,56947,2,普通会员,0,0
8835251,1427306754,2015-03-26 02:05:54,5,用户未及时做出评价，系统默认好评,16,56947,2,普通会员,0,0
1801300,1427306721,2015-03-26 02:05:21,5,用户未及时做出评价，系统默认好评,16,56947,2,普通会员,0,0
682842,1427306528,2015-03-26 02:02:08,5,用户未及时做出评价，系统默认好评,16,56947,2,普通会员,0,0
1553039,1427220455,2015-03-25 02:07:35,5,用户未及时做出评价，系统默认好评,16,56947,2,普通会员,0,0
857624,1427220412,2015-03-25 02:06:52,5,用户未及时做出评价，系统默认好评,16,56947,3,银卡会员,0,0
8577505,1427220375,2015-03-25 02:06:15,5,用户未及时做出评价，系统默认好评,16,56947,2,普通会员,0,0
883073,1427220357,2015-03-25 02:05:57,5,用户未及时做出评价，系统默认好评,16,56947,2,普通会员,0,0
231630,1427134187,2015-03-24 02:09:47,5,用户未及时做出评价，系统默认好评,16,56947,2,普通会员,0,0
5623539,1427134142,2015-03-24 02:09:02,5,用户未及时做出评价，系统默认好评,16,56947,2,普通会员,0,0
4449349,1427134053,2015-03-24 02:07:33,5,用户未及时做出评价，系统默认好评,16,56947,2,普通会员,0,0
4352606,1427133966,2015-03-24 02:06:06,5,用户未及时做出评价，系统默认好评,16,56947,3,银卡会员,0,0
8794661,1427047735,2015-03-23 02:08:55,5,用户未及时做出评价，系统默认好评,16,56947,2,普通会员,0,0
8749579,1427047528,2015-03-23 02:05:28,5,用户未及时做出评价，系统默认好评,16,56947,2,普通会员,0,0
4196576,1426961294,2015-03-22 02:08:14,5,用户未及时做出评价，系统默认好评,16,56947,3,银卡会员,0,0
8644849,1426788215,2015-03-20 02:03:35,5,用户未及时做出评价，系统默认好评,16,56947,2,普通会员,0,0
8550863,1426529191,2015-03-17 02:06:31,5,用户未及时做出评价，系统默认好评,16,56947,2,普通会员,0,0
1119247,1426529131,2015-03-17 02:05:31,5,用户未及时做出评价，系统默认好评,16,56947,2,普通会员,0,0
52456,1426442742,2015-03-16 02:05:42,5,用户未及时做出评价，系统默认好评,16,56947,2,普通会员,0,0
4579627,1426442661,2015-03-16 02:04:21,5,用户未及时做出评价，系统默认好评,16,56947,2,普通会员,0,0
1692832,1426269804,2015-03-14 02:03:24,5,用户未及时做出评价，系统默认好评,16,56947,3,银卡会员,0,0
3203944,1426183492,2015-03-13 02:04:52,5,用户未及时做出评价，系统默认好评,16,56947,3,银卡会员,0,0
870063,1426183418,2015-03-13 02:03:38,5,用户未及时做出评价，系统默认好评,16,56947,2,普通会员,0,0
4576179,1426183383,2015-03-13 02:03:03,5,用户未及时做出评价，系统默认好评,16,56947,2,普通会员,0,0
847383,1426183349,2015-03-13 02:02:29,5,用户未及时做出评价，系统默认好评,16,56947,3,银卡会员,0,0
8626155,1426010600,2015-03-11 02:03:20,5,用户未及时做出评价，系统默认好评,16,56947,2,普通会员,0,0
8610961,1426010549,2015-03-11 02:02:29,5,用户未及时做出评价，系统默认好评,16,56947,2,普通会员,0,0
2945572,1425751381,2015-03-08 02:03:01,5,用户未及时做出评价，系统默认好评,16,56947,2,普通会员,0,0
8593353,1425665006,2015-03-07 02:03:26,5,用户未及时做出评价，系统默认好评,16,56947,2,普通会员,0,0
1190859,1425664981,2015-03-07 02:03:01,5,用户未及时做出评价，系统默认好评,16,56947,3,银卡会员,0,0
277379,1425664949,2015-03-07 02:02:29,5,用户未及时做出评价，系统默认好评,16,56947,3,银卡会员,0,0
8557123,1425664935,2015-03-07 02:02:15,5,用户未及时做出评价，系统默认好评,16,56947,2,普通会员,0,0
8521257,1425492225,2015-03-05 02:03:45,5,用户未及时做出评价，系统默认好评,16,56947,3,银卡会员,0,0
8578301,1425492203,2015-03-05 02:03:23,5,用户未及时做出评价，系统默认好评,16,56947,2,普通会员,0,0
1483937,1425405780,2015-03-04 02:03:00,5,用户未及时做出评价，系统默认好评,16,56947,3,银卡会员,0,0
306973,1425319473,2015-03-03 02:04:33,5,用户未及时做出评价，系统默认好评,16,56947,3,银卡会员,0,0
8515189,1425233006,2015-03-02 02:03:26,5,用户未及时做出评价，系统默认好评,16,56947,2,普通会员,0,0
1078607,1425232985,2015-03-02 02:03:05,5,用户未及时做出评价，系统默认好评,16,56947,4,金卡会员,0,0
1276212,1425146609,2015-03-01 02:03:29,5,用户未及时做出评价，系统默认好评,16,56947,2,普通会员,0,0
1604309,1425146541,2015-03-01 02:02:21,5,用户未及时做出评价，系统默认好评,16,56947,3,银卡会员,0,0
